"NK TOŠK Tešanj","Bosnia and Herzegovina"
"FC Presnya Moscow","Iraq"
"Persma Manado","Indonesia"
"IF Elfsborg","Sweden"
"Parramatta Eagles","Australia"
"FC Volov Shumen","Bulgaria"
"Glentoran F.C.","Ireland"
"Tecos F.C.","Mexico"
"Aris Thessaloniki F.C.","Greece"
"Clube Atlético Juventus","Brazil"
"Lanceros Boyacá","Colombia"
"Hibernian F.C.","Scotland"
"Club de Futbol Universidad de Costa Rica","Costa Rica"
"Carlisle United F.C.","England"
"Ternana Calcio","Italy"
"Vagonul Arad","Romania"
"Rosario Central","Argentina"
"Racing Club Heemstede","Netherlands"
"Gimnasia y Esgrima de Jujuy","Argentina"
"Näsvikens IK","Sweden"
"VfL Bochum","Germany"
"FK Partizan","Serbia"
"San Jose Clash","Jersey"
"Real Murcia","Spain"
"Real Burgos CF","Spain"
"FC Etar (Veliko Tarnovo)","Bulgaria"
"Club Atlético Lanús","America"
"Mamelodi Sundowns F.C.","South Africa"
"UD Alzira","Spain"
"TSG Saargemünd","France"
"Kaposvár Kinizsi","Hungary"
"Alianza F.C.","El Salvador"
"Maccabi Haifa F.C.","Israel"
"Racing Club de France football Colombes 92","France"
"FCE Meetjesland","Belgium"
"Gamma FC","Hungary"
"Deportivo La Coruña","Spain"
"C.D. Aves","Portugal"
"Jedlersdorf","Austria"
"Ontario Fury (indoor)","America"
"Wuppertaler SV Borussia","Germany"
"Finspångs AIK","Sweden"
"US Créteil-Lusitanos","France"
"FC Hradec Králové","Czechia"
"Ismaily SC","Egypt"
"VfR Kaiserslautern","Germany"
"Viktoria Aschaffenburg","Germany"
"Neftçi PFK","Azerbaijan"
"Club Almagro","Argentina"
"Hapoel Tel Aviv F.C.","Israel"
"FC Dynamo Moscow","Oman"
"Werribee City FC","Australia"
"Villa Dálmine","Netherlands"
"Al Wasl F.C.","United Arab Emirates"
"AC Torino","Italy"
"Sociedade Esportiva do Gama","Brazil"
"Sporting de Gijón","Spain"
"Accra Hearts of Oak SC","Ghana"
"Club Atlético Colón","Argentina"
"Monarcas Morelia","Mexico"
"S.D. Aucas","Ecuador"
"SV Ried","Austria"
"NK Varaždin (1931-2015)","Croatia"
"Fluminense Football Club","Brazil"
"OFK Beograd","Yugoslavia"
"Chivas USA","America"
"Znicz Pruszków","Poland"
"FC Laufen","Switzerland"
"Caledonian F.C.","Scotland"
"Prudentópolis Esporte Clube","Brazil"
"Knokke FC","Belgium"
"All Boys","Argentina"
"Valencia CF Mestalla","Spain"
"São Paulo Futebol Clube","Brazil"
"Saba Battery Club","Iran"
"AC Fiorentina","Italy"
"Pawtucket F.C.","America"
"Canto do Rio Foot-Ball Club","Brazil"
"Akhisar Belediyespor","Turkey"
"Barnsley F.C.","England"
"Calcio Chieti","Italy"
"FC Dallas","Jersey"
"A.C. Perugia","Peru"
"K.S.C. Lokeren Oost-Vlaanderen","Belgium"
"Blau-Weiß 1890 Berlin","Germany"
"FC Nancy","France"
"Julius Berger F.C.","Niger"
"Maccabi Netanya","Israel"
"Zafririm Holon","Israel"
"1. FC Nürnberg II","Germany"
"Al-Shabab Riyadh","Saudi Arabia"
"Queens Park Rangers F.C.","England"
"SD Erandio Club","Spain"
"Adanaspor","Turkey"
"FC Vorskla Poltava","Ukraine"
"Gimnasia y Esgrima de La Plata","Argentina"
"BV Veendam","Netherlands"
"Chelsea F.C.","England"
"Centro de Futebol Zico Sociedade Esportiva","Brazil"
"Lausanne Sports","Switzerland"
"Bonsucesso Futebol Clube","Brazil"
"Eintracht Wels","Austria"
"Club Atlético River Plate","Argentina"
"FC Lokomotiv Moscow","Georgia"
"Tractor S.C.","Iran"
"Heidelberg SC","Germany"
"Al-Shahania SC","Qatar"
"Hull City A.F.C.","England"
"PFC Septemvri Sofia","Bulgaria"
"SV Sandhausen","Germany"
"Botafogo de Futebol e Regatas","Brazil"
"Umm Salal SC","Qatar"
"Olbia Calcio","Italy"
"Everton F.C.","England"
"FC Irpin Horenychi","Ukraine"
"Club de Gimnasia y Esgrima La Plata","Argentina"
"FC Mariupol","Ukraine"
"Bendel Insurance F.C.","Niger"
"Comercial Futebol Clube (Ribeirão Preto)","Brazil"
"Slavia Prague","China"
"Shahin Bushehr F.C.","Iran"
"Club de Deportes Antofagasta","Chile"
"APOEL F.C.","Cyprus"
"TSV Schwaben Augsburg","Germany"
"Saba Battery F.C.","Iran"
"Real Valladolid","Argentina"
"CD Leganés","Spain"
"Ipswich Town F.C.","England"
"Boston Minutemen","America"
"Reggina 1914","France"
"US Lecce","Italy"
"Al-Taawoun FC","Saudi Arabia"
"CD Eldense","Spain"
"NK Olimpija Ljubljana","Slovenia"
"Szegedi AK","Hungary"
"1. FC Kaiserslautern","Germany"
"FC Locarno","Switzerland"
"Stăruința Oradea","Romania"
"Instituto Atlético Central Córdoba","Argentina"
"Club Atlético Piraña","Iran"
"Azul Claro Numazu","Japan"
"Næstved BK","Denmark"
"FC Moutier","Switzerland"
"L.R. Vicenza Virtus","Italy"
"K.S.K. Tongeren","Belgium"
"RCD Mallorca","Spain"
"Bohemians 1905","Australia"
"Bangor F.C.","Ireland"
"AC Ancona","Italy"
"Gisborne City AFC","New Zealand"
"VfR Neuss","Germany"
"C.D. Jorge Wilstermann","Bolivia"
"Bologna F.C. 1909","Italy"
"1. Simmeringer SC","Austria"
"Club Tijuana","Mexico"
"FC Brașov (1936)","Romania"
"San Antonio Unido","Chile"
"Club Puebla","Mexico"
"Newport County A.F.C.","Wales"
"First Vienna","Austria"
"Admira Energie","Austria"
"Cobreloa","Chile"
"Union Weißkirchen","Austria"
"Luzenac AP","France"
"C.A. Cerro","Uruguay"
"FK Drnovice","Czechia"
"Chamois Niortais F.C.","France"
"FC Girondins de Bordeaux","France"
"Toronto Blizzard (NASL)","America"
"S.S.C. Bari","France"
"A.C. Milan","Italy"
"Racing Strasbourg","France"
"Al Ittihad FC","Saudi Arabia"
"Raja Casablanca","Morocco"
"Club Sportivo Buenos Aires","Argentina"
"San Jose Earthquakes","Jersey"
"PAS Lamia 1964","Greece"
"NK Lokomotiva Zagreb","Croatia"
"Chicago Horizon","Jersey"
"PEC Zwolle","Netherlands"
"Levante UD","Spain"
"Ventura County Fusion","America"
"Yverdon-Sport FC","Switzerland"
"FC Bern","Switzerland"
"Unión San Felipe","Chile"
"Miami Fusion","America"
"Brentwood Town F.C.","England"
"Seven Stars (South African soccer club)","South Africa"
"Kalmar FF","Sweden"
"Real Zaragoza","Spain"
"Deportes Progreseño","Honduras"
"Blackpool F.C.","England"
"Čechoslovan Košíře","Czechia"
"HAŠK Zagreb","Croatia"
"FC Hradec Králové{{efn","Czechia"
"A.C. ChievoVerona","Italy"
"HŠK Zrinjski Mostar","Bosnia and Herzegovina"
"Tranmere Rovers F.C.","England"
"Deportivo Saprissa","Costa Rica"
"US Salernitana 1919","Italy"
"NK Lokomotiva","Croatia"
"NK Maribor","Slovenia"
"Portland Timbers (NASL)","America"
"SK Brann","Norway"
"Poole Town F.C.","England"
"Legia Warsaw","Poland"
"FK Mačva Šabac","Serbia"
"Colón de Santa Fe","Argentina"
"Raftery's","America"
"AC Parma","Italy"
"Shenyang Ginde","China"
"A.C. Reggiana 1919","Italy"
"Stevenage F.C.","England"
"Al-Ahli (Doha)","Qatar"
"Sport Club Internacional","America"
"SC Hinteregger","Austria"
"Alianza Lima","Peru"
"Catania Calcio","Italy"
"Hallelujah FC","South Korea"
"F.C. Internazionale Milano","Italy"
"Omiya Ardija","Japan"
"Paulista Futebol Clube","Brazil"
"Atlético Saquisilí","Ecuador"
"Atlante F.C.","Mexico"
"U.C. AlbinoLeffe","Italy"
"Puntarenas FC","Costa Rica"
"Woodford Town F.C. (1937)","England"
"Saipa F.C.","Iran"
"Etoile Carouge","Switzerland"
"Neptunus","Netherlands"
"NK Zadar","Croatia"
"Esporte Clube Noroeste","Brazil"
"FC Dunav Ruse","Bulgaria"
"Grasshopper Club Zürich","Switzerland"
"FC Zimbru Chişinău","Moldova"
"Sportivo Barracas","Argentina"
"U.S. Foggia","Italy"
"TSV 1861 Nördlingen","Germany"
"RC Strasbourg Alsace","France"
"PFC Nyva Vinnytsia","Ukraine"
"Rocha F.C.","Uruguay"
"Odisha FC","India"
"Whitehawk F.C.","England"
"33 FC","Hungary"
"Eintracht Frankfurt","Germany"
"Ángeles de Puebla","Mexico"
"Al Masry SC","Egypt"
"Club Bolívar","Bolivia"
"Cleveland Force (1978-1988)","America"
"Figueirense FC","Brazil"
"Sport Club Corinthians Paulista","Brazil"
"KF Lushnja","Albania"
"Sportivo Palermo","Argentina"
"1. FC Saarbrucken","Germany"
"Total","America"
"OFC Sliven 2000","Bulgaria"
"NA Hussein Dey","Algeria"
"Real Cartagena","Colombia"
"SV Mattersburg","Austria"
"Atlético Morelia","Mexico"
"Deportivo Español","Argentina"
"Inverness Caledonian Thistle F.C.","Scotland"
"Rampla Juniors","Uruguay"
"ŠKF Sereď","Slovakia"
"Atlanta Ruckus","America"
"Neuchâtel Xamax FCS","Switzerland"
"Fluminense FC","Brazil"
"FC Krasnaya Presnya Moscow","Iraq"
"Manurewa AFC","New Zealand"
"Club de Fútbol Atlante","Mexico"
"Deportivo Alavés","Spain"
"Górnik Zabrze","Poland"
"U.F.C.I. Tomar","Portugal"
"Ümraniyespor","Turkey"
"Gazélec Ajaccio","France"
"CS Sedan Ardennes","France"
"Seattle Sounders FC","Jersey"
"Rangers F.C.","Scotland"
"Philadelphia German-Americans","America"
"Iraklis Thessaloniki F.C.","Greece"
"SV Harburg","Germany"
"Recreativo de Huelva","Spain"
"Farnborough F.C.","England"
"ES Sétif","Algeria"
"Viktoria Žižkov","Oman"
"US Belfort","France"
"NK Primorje","Slovenia"
"NK Olimpija Ljubljana (1945)","Slovenia"
"Basáñez","Uruguay"
"NK Inter Zaprešić","Croatia"
"F.C. Denderleeuw","Belgium"
"Schumachers","America"
"ES FC Malley","Switzerland"
"Ferar Cluj","Romania"
"C.D. Maxaquene","Mozambique"
"Sanfrecce Hiroshima","Japan"
"Deportivo Toluca F.C.","America"
"Stourbridge F.C.","England"
"Fortuna '54","Netherlands"
"Pécsi MFC","Hungary"
"RKC Waalwijk","Netherlands"
"Unión Atlético Maracaibo","Venezuela"
"Olympique Alès","France"
"Al-Sadd Sports Club","Qatar"
"FC Red Bull Salzburg","Austria"
"Charlotte Independence","America"
"Raith Rovers F.C.","Scotland"
"SuperSport United F.C.","South Africa"
"K.S.V. Roeselare","Belgium"
"FC Linz","Austria"
"UCD FC","Ireland"
"SV Türkgücü-Ataspor München","Germany"
"Al Kuwait Kaifan","Kuwait"
"C.D. Marathón","Honduras"
"CS Fola Esch","Luxembourg"
"Al-Sailiya SC","Qatar"
"Dura Timișoara","Romania"
"Budapest Honvéd FC","Hungary"
"C.F. La Piedad","Mexico"
"Delhi Dynamos FC","India"
"SC Sagamihara","Japan"
"FC La Chaux-de-Fonds","Switzerland"
"FC Khimki","Georgia"
"LASK","Austria"
"São Paulo FC","Brazil"
"FC Krylia Sovetov Samara","Belarus"
"Club León","Mexico"
"Grêmio FBPA","Brazil"
"FC Zug","Switzerland"
"Clube Atlético Paranaense","Brazil"
"Gil Vicente F.C.","Portugal"
"HSV Barmbek-Uhlenhorst","Germany"
"FC Anyang","South Korea"
"Club Destroyers","Bolivia"
"Grazer AK","Austria"
"Sharks F.C.","Niger"
":it:Football Club Bolzano 1996","Italy"
"FC Tirol Innsbruck","Austria"
"Szekszárdi Dózsa","Hungary"
"Club Atlético Tigre","Argentina"
"Evian Thonon Gaillard F.C.","France"
"FC Volga Tver","Azerbaijan"
"Komárom VSE","Hungary"
"Al Nasr SC (Dubai)","United Arab Emirates"
"Worcester City F.C.","England"
"A.D. Turrialba","Costa Rica"
"Heart of Midlothian F.C.","Scotland"
"UMS Montélimar","France"
"SC Wacker Wien","Austria"
"US Valenciennes","France"
"Portimonense S.C.","Portugal"
"FK Radnički Niš","Serbia"
"Shanghai Shenhua","China"
"Hartlepool United F.C.","England"
"Sloga Belgrade","Serbia"
"Racing Paris","France"
"Waterford F.C.","Ireland"
"Boston United F.C.","England"
"Republic of Korea Army","South Korea"
"East Fife F.C.","Scotland"
"Club Nacional de Football","Uruguay"
"Panionios F.C.","Greece"
"Bayer Leverkusen II","Germany"
"Gamba Osaka","Japan"
"Sogndal","Norway"
"Royton Town","England"
"FK Mornar","Montenegro"
"S.C. Salgueiros","Portugal"
"Cobresal","Chile"
"Sportgemeinschaft SS Posen","Germany"
"Baku FC","Azerbaijan"
"Como Calcio","Italy"
"Fall River F.C. (1922-1931)","America"
"Barcelona SC","Ecuador"
"New York Soccer Club","America"
"Le Mans Union Club 72","France"
"SV Werder Bremen","Germany"
"Elche CF","Spain"
"Virtus Entella","Italy"
"Zalaegerszegi TE","Hungary"
"FC Zirka-2 Kropyvnytskyi","Ukraine"
"FC Ararat Yerevan","Armenia"
"Sint-Niklase SK","Belgium"
"Club Atlético Banfield","Argentina"
"Daegu FC","South Korea"
"HSV Groß Born (guest player)","Germany"
"Yugoslav People's Army","Yugoslavia"
"Sociedad Deportiva Aucas","Ecuador"
"Moroka Swallows F.C.","South Africa"
"AC Sparta Prague B","Oman"
"Ferro Carril Oeste","Argentina"
"Hapoel Haifa F.C.","Israel"
"Mumbai City FC","India"
"Burgos CF (I)","Spain"
"AGOVV Apeldoorn","Netherlands"
"Gryf Słupsk","Poland"
"Al-Sailiya Sport Club","Qatar"
"FK Obilić","Yugoslavia"
"Palermo F.C.","Italy"
"Cruzeiro Esporte Clube","Brazil"
"FSV Salmrohr","Germany"
"PFC Levski Sofia","Bulgaria"
"FK Ústí nad Labem","Czechia"
"Esporte Clube Poções","Brazil"
"FC Libourne-Saint-Seurin","France"
"Everton de Viña del Mar","Chile"
"Clube do Remo","Brazil"
"SD Compostela","Spain"
"Atromitos F.C.","Greece"
"Defensor Sporting Club","Uruguay"
"A.D. Guanacasteca","Costa Rica"
"FK Inter Bratislava","Slovakia"
"Arta/Solar7","Djibouti"
"Fostiras F.C.","Greece"
"Club Nacional","Paraguay"
"Paris Saint-Germain","France"
"Karlstad BK","Sweden"
"Kasımpaşa S.K.","Turkey"
"Salgótarjáni TC","Hungary"
"Sociedade Esportiva Palmeiras","Brazil"
"Galatasaray S.K. (football)","Turkey"
"Piast Gliwice","Poland"
"Red Star Saint-Ouen","France"
"TSG 1899 Hoffenheim II","Austria"
"R.F.C. de Liège","Belgium"
"Kremser SC","Austria"
"FC Zorya Luhansk","Ukraine"
"Chennaiyin FC","India"
"Charleston Battery","America"
"Associação Académica de Coimbra - O.A.F.","Portugal"
"Atlético Potosino","Mexico"
"CDUC","Chile"
"Korona Kielce","Poland"
"Connecticut Bicentennials","America"
"Grenoble Foot 38","France"
"Jong PSV","Netherlands"
"Limerick F.C.","Ireland"
"U.S. Triestina Calcio 1918","Italy"
"AS Saint-Rémy","France"
"El Jaish SC","Qatar"
"Crawley Town F.C.","England"
"VfB Leipzig","Germany"
"R.A.A. Louviéroise","Belgium"
"Baar","Germany"
"Barcelona S.C.","Ecuador"
"CF Peralada","Spain"
"Limón F.C.","Costa Rica"
"C.F. Os Belenenses","Portugal"
"Ipatinga Futebol Clube","Brazil"
"Club Centro Deportivo Municipal","Peru"
"KSV Temse","Belgium"
"Brentford F.C.","England"
"Washington Diplomats (APSL)","America"
"Cromac Albion","Northern Ireland"
"Apollon Limassol","Cyprus"
"S.C. Angrense","Portugal"
"Damash Gilan F.C.","Iran"
"Club Atlético Tembetary","Paraguay"
"FC Raron","Switzerland"
"Madura United F.C.","Indonesia"
"Espérance Sportive de Tunis","Tunisia"
"FC Saturn Moscow Oblast (1946-2011)","Ukraine"
"Cagliari Calcio","Italy"
"Ulsan HD FC","South Korea"
"FC Barcelona C","Spain"
"VfB Stuttgart II","Germany"
"Al Ain FC","United Arab Emirates"
"Herminamezei AC","Hungary"
"Lokomotiv Astana","Kazakhstan"
"Adelaide United","Australia"
"Vorwärts Steyr","Austria"
"FSV Frankfurt","Germany"
"1. FC Saarbrücken","Germany"
"FC Volga Nizhny Novgorod","Georgia"
"DAV Santa Ana","Spain"
"Portuguesa Fútbol Club","Venezuela"
"Lierse S.K.","Belgium"
"CS Sfaxien","Tunisia"
"FC Dnipro","Ukraine"
"GIF Sundsvall","Sweden"
"Miami Freedom","America"
"Swindon Town F.C.","England"
"Tampa Bay Rowdies (1975-93)","America"
"HNK Hajduk Split","Croatia"
"APOP Kinyras Peyias FC","Cyprus"
"Tampa Bay Rowdies (1975-1993)","America"
"Liga de Quito","America"
"Teniente Fariña","Paraguay"
"Al-Shamal Sports Club","Qatar"
"GBS Football Academy","Nigeria"
"New York Arrows (indoor)","America"
"C.D.S.C. Cruz Azul","Mexico"
"Northampton Town F.C.","England"
"Hajduk Split","Croatia"
"Cape Town City F.C. (NFL)","South Africa"
"Al-Wehda Club (Mecca)","Saudi Arabia"
"AS Monaco","Monaco"
"Águilas FC","Spain"
"Kedah FA","Malaysia"
"Leyton Orient F.C.","England"
"FC Antibes","France"
"1. FC Tatran Prešov","Slovakia"
"Albacete Balompié","Spain"
"Birmingham City F.C.","England"
"Cruz Azul","Mexico"
"Fremad Amager","Denmark"
"AFK Lázně Bohdaneč","Czechia"
"Southern Suburbs F.C.","South Africa"
"TuRu Düsseldorf","Germany"
"Sparta Prague","Jersey"
"Jeonnam Dragons","South Korea"
"Tubantia Borgerhout VK","Belgium"
"Club Athletico Paranaense","Brazil"
"FC Sochaux","France"
"Oldham Athletic A.F.C.","England"
"C.S. Emelec","Ecuador"
"Gençlerbirliği S.K.","Turkey"
"C.S. Marítimo B","Portugal"
"Građanski Zagreb","Yugoslavia"
"Highley Miners Welfare","England"
"Bayer 04 Leverkusen#Squad","Germany"
"New York Giants (soccer)","America"
"Sport Club do Recife","Brazil"
"CSM Vulcan","Romania"
"F.C. Alverca","Portugal"
"Parma Calcio 1913","Italy"
"Kano Pillars F.C.","Niger"
"San Diego Sockers (1978-1996)","America"
"U.S. Avellino 1912","Italy"
"FC Barcelona","Spain"
"Foggia Calcio","Italy"
"Club Sol de América","Paraguay"
"S.C. Farense","Portugal"
"B-SAD","Portugal"
"Villa Nova Atlético Clube","Brazil"
"ATK (football club)","India"
"Aris Limassol","Cyprus"
"Sogndal Fotball","Jordan"
"NK Domžale","Slovenia"
"Malatyaspor","Turkey"
"Górnik Łęczna","Poland"
"Barnet F.C.","England"
"Pécsi Mecsek FC","Hungary"
"A.C. Monza","Italy"
"Empoli FC","Italy"
"FC Vevey-Sports 05","Switzerland"
"Kickers Offenbach","Germany"
"North Carolina FC","America"
"Cammell Laird 1907 F.C.","England"
"Santiago National","Chile"
"SønderjyskE Fodbold","Denmark"
"Port Vale F.C.","England"
"Portland Timbers (2001-10)","America"
"SSC Napoli","Italy"
"Sportivo Luqueño","Paraguay"
"Salzburger AK 1914","Austria"
"Al-Ettifaq FC","Saudi Arabia"
"Seiko (football)","Hong Kong"
"April 25 Sports Club","North Korea"
"St George FC","Australia"
"Brooklyn Wanderers","America"
"FC Machida Zelvia","Japan"
"A.C. Prato","Italy"
"Club América","Mexico"
"Tractor Sazi F.C.","Iran"
"US Città di Palermo","Italy"
"1. FC Kattowitz","Poland"
"Esporte Clube São José","Brazil"
"O'Higgins F.C.","Chile"
"Trento Calcio 1921","Italy"
"Mazatlán F.C.","Mexico"
"Curry Silver Tops","America"
"F.C. Ripensia Timișoara 1928","Romania"
"St. Louis Strikers","America"
"US Orléans","France"
"Križovany","Slovakia"
"York City F.C.","England"
"Avignon Football","France"
"Jiul Petroșani","Oman"
"Hangzhou Greentown F.C.","China"
"Mbankomo Club","Cameroon"
"Büyükşehir Belediye Erzurumspor","Turkey"
"PFC Botev Plovdiv","Bulgaria"
"AEK Athens F.C.","Greece"
"K. Waterschei S.V. Thor Genk","Belgium"
"UE Sant Andreu","Spain"
"Železničar Ljubljana","Slovenia"
"Aston Villa F.C.","England"
"Rapid Amateur","Austria"
"Bayonne Rovers","America"
"SK Vorwärts Steyr","Austria"
"MVV Maastricht","Netherlands"
"Newark Americans","America"
"SV Darmstadt 98","Germany"
"Shandong Taishan F.C.","China"
"SKA Rostov-on-Don","Russian Federation"
"Al Ahly SC","Egypt"
"CU Micaelense","Portugal"
"Club Deportivo Universidad Católica del Ecuador","Ecuador"
"Bromley F.C.","England"
"C.D. Olmedo","Ecuador"
"Union Cheb","Czechia"
"A.S. Taranto Calcio","Italy"
"FC Zvezda Moscow","Russian Federation"
"C.D. Atlético Marte","El Salvador"
"Wanderers de Durazno","Uruguay"
"FC Volendam","Netherlands"
"S.C. Campomaiorense","Portugal"
"Al-Wehdat SC","Jordan"
"Hebei China Fortune F.C.","China"
"Arsenal de Sarandí","America"
"FC Zürich","Switzerland"
"FC Spartak Tambov","Russian Federation"
"Wydad AC","Morocco"
"Dallas Burn","Jersey"
"Adelaide United FC","Australia"
"Sangju Sangmu","South Korea"
"Konyaspor","Turkey"
"Stade Français (football)","France"
"Santos FC","Brazil"
"Club de Fútbol Universidad de Chile","Chile"
"Piacenza Calcio","Italy"
"Deportivo Pereira","Colombia"
"Napier City Rovers FC","New Zealand"
"Aarhus Gymnastikforening","Denmark"
"Diambars FC","Senegal"
"Celta de Vigo B","Spain"
"Girondins de Bordeaux","France"
"JEF United Chiba","Japan"
"Pas Tehran F.C.","Iran"
"A.C. Reggiana","Italy"
"Sporting '89","Panama"
"Högaborgs BK","Sweden"
"União São João Esporte Clube","Brazil"
"Hamburger SV II","Germany"
"FC Torpedo Moscow","Oman"
"Real Madrid C.F.","Spain"
"Derby County F.C.","England"
"Trabzonspor","Turkey"
"Venezia FC","Italy"
"US Fiorenzuola 1922","Italy"
"K. Beringen F.C.","Belgium"
"Deportes Tolima","Colombia"
"FC Étoile-Sporting","Switzerland"
"C.S.D. Comunicaciones","Guatemala"
"Gimnasia La Plata","Argentina"
"Beşiktaş J.K.","Turkey"
"U.S. Sassuolo Calcio","France"
"Central Norte","Argentina"
"FC Spartak Moscow","Oman"
"New York Shipbuilding","America"
"Guangzhou Evergrande Taobao F.C.","China"
"Shonan Bellmare","Japan"
"Associação Desportiva São Caetano","Brazil"
"A.C. Bellaria Igea Marina","Italy"
"CO Saint-Dizier","France"
"Saint-Denis Saint-Leu","France"
"KSV Sottegem","Belgium"
"Nottingham Forest F.C.","England"
"Melbourne Hakoah","Australia"
"AS Monaco FC","Monaco"
"Lille OSC II","France"
"Club Atlético Central Córdoba","Argentina"
"RCD Espanyol","Spain"
"Suwon Samsung Bluewings","South Korea"
"Dibba Al-Hisn Sports Club","United Arab Emirates"
"Racing de Santander","Spain"
"UD Almería","Spain"
"Al-Ahli Saudi FC","Saudi Arabia"
"Venus București","Romania"
"Rah Ahan F.C.","Iran"
"Beijing Guoan F.C.","China"
"Stade Rennais FC","France"
"FK Vardar","North Macedonia"
"Étoile Sportive du Sahel","Tunisia"
"Potenza S.C.","Italy"
"Corporación Nuevo Cúcuta Deportivo","Colombia"
"Wolverhampton Wanderers F.C.","England"
"Kawasaki Frontale","Japan"
"Centro Atlético Fénix","Uruguay"
"GNK Dinamo Zagreb Academy","Croatia"
"Deportivo Pasto","Colombia"
"Melbourne City FC","Australia"
"Sydney FC","Australia"
"Mitra Kukar F.C.","Indonesia"
"Zamalek SC","Egypt"
"Liga Deportiva Universitaria de Quito","America"
"F.C. Pro Vercelli 1892","Italy"
"FC Zenit Saint Petersburg","Ukraine"
"Wisła Kraków","Poland"
"Delfino Pescara 1936","Italy"
"Calabar Rovers F.C.","Niger"
"RSD Alcalá","Spain"
"AaB Fodbold","Denmark"
"Milton Keynes Dons F.C.","England"
"Melbourne Knights FC","Australia"
"Club Atlas","Mexico"
"U.S.C. Corigliano Calcio","Italy"
"Brisbane Strikers FC","Australia"
"FC Yuriy Gagarin","Ukraine"
"Toronto Inter-Roma","Canada"
"SK Slavia Praha","China"
"Würzburger FV","Germany"
"First Vienna FC","Austria"
"Pisa Calcio","Italy"
"Wellington Phoenix FC","New Zealand"
"Mogi Mirim Esporte Clube","Brazil"
"Newcastle Jets FC","Australia"
"FCU Politehnica Timișoara","Romania"
"Maccabi Tel Aviv F.C.","Israel"
"Real Valladolid B","Spain"
"Al Wahda FC","Netherlands"
"Pas Hamedan F.C.","Iran"
"SC Wirges","Germany"
"OFI Crete F.C.","Greece"
"K. Sint-Niklase S.K.E.","Belgium"
"FC Metalurh Donetsk","Ukraine"
"Club Sport Colombia","Paraguay"
"C.S. Herediano","Costa Rica"
"Serrano Football Club","Brazil"
"Ready (sports club)","Norway"
"C.D. Euzkadi","Mexico"
"Club Deportivo Universidad Católica","Chile"
"Sud América","Uruguay"
"Admira Wien","Austria"
"Abiola Babes","Niger"
"Alittihad Tripoli S.C.","Libya"
"Sangju Sangmu FC#History","South Korea"
"CFR Cluj","Romania"
"Hellas Verona F.C.","Italy"
"Adelaide City","Australia"
"Polideportivo Ejido","Spain"
"Heracles Almelo","Netherlands"
"Crewe Alexandra F.C.","England"
"Locomotiva Târgu Mureș","Romania"
"SK Admira Wien","Austria"
"FC Istres","France"
"Clube de Regatas Flamengo","Brazil"
"C.D. Mafra","Portugal"
"Denizlispor","Turkey"
"A.D. Belén","Costa Rica"
"Feyenoord Rotterdam","Netherlands"
"Cobreloa B","Chile"
"CD Cobeña","Spain"
"Medskogsbrons BK","Sweden"
"South Coast United SC","Australia"
"Montreal Olympique","America"
"Celta de Vigo","Spain"
"Oswestry Town F.C.","England"
"Heartland F.C.","Niger"
"FC Lausanne-Sport","Switzerland"
"Diyarbakırspor","Turkey"
"Čechie Karlín","Slovakia"
"GC Mascara","Algeria"
"C.F. União de Lamas","Portugal"
"A.C. Lumezzane","Angola"
"HNK Rijeka","Croatia"
"Erzurumspor","Turkey"
"Stade Rennais","France"
"C.D. Águila","El Salvador"
"Lisburn Distillery F.C.","Ireland"
"Sporting Benevento","Italy"
"Olympique Charleroi","Belgium"
"Clube Atlético Sorocaba","Brazil"
"Hadsund BK","Denmark"
"Qadsia SC","Kuwait"
"Bergantiños FC","Spain"
"Elche CF Ilicitano","Spain"
"S.S.C. Venezia","Italy"
"Afyonkarahisarspor","Turkey"
"Maryland Bays","America"
"FC Lorient#Reserve squad","France"
"San Diego Toros","America"
"SS Lazio","Italy"
"C.S.D. Municipal","Guatemala"
"A.C. Parma","Italy"
"HFC Haarlem","Netherlands"
"Rosenborg BK","Norway"
"FK Viktoria Žižkov","Oman"
"Tianjin Quanjian F.C.","China"
"San Jose Earthquakes (NASL)","America"
"FCM Reşiţa","Romania"
"Club de Deportes Santiago Morning","Chile"
"Atlético Madrid B","Spain"
"Berchem Sport","Belgium"
"AC Milan","Italy"
"Black Stars Basel","Switzerland"
"Bolton Wanderers F.C.","England"
"C.F. Pachuca","Mexico"
"Győri ETO FC","Hungary"
"Real Betis","Spain"
"U.C. Sampdoria","Italy"
"Farbenlutz","Austria"
"Tulsa Roughnecks (1978-84)","America"
"FC Nordstern Basel","Switzerland"
"Glenavon F.C.","Ireland"
"Huddersfield Town A.F.C.","Ireland"
"Adelaide City FC","Australia"
"III. Kerületi TVE","Hungary"
"Granada CF","Spain"
"Ulsan Hyundai FC","South Korea"
"Yokohama F. Marinos","Japan"
"FC Modena","Italy"
"Debreceni VSC","Hungary"
"Hellas Verona FC","Italy"
"Atlético Huila","Colombia"
"SK Sturm Graz","Austria"
"L.D.U. Loja","Ecuador"
"SV Waldhof Mannheim","Germany"
"Bidvest Wits F.C.","South Africa"
"VfL Bochum II","Germany"
"US Foggia","Italy"
"Real Sociedad B","Spain"
"New York Cosmos (1971-1985)","America"
"Alibeyköy S.K.","Turkey"
"Olympique de Marseille","France"
"MEDOSZ Marcali","Hungary"
"Rionegro Águilas","Colombia"
"ND Gorica","Slovenia"
"Athletic Bilbao B","Spain"
"Envigado Fútbol Club","Colombia"
"AEK Athens FC","Greece"
"AFC DWS","Netherlands"
"NK Čelik Zenica","Bosnia and Herzegovina"
"BSC Young Boys","Switzerland"
"C.D. Olimpia","Honduras"
"North Eastern MetroStars FC","Australia"
"Club Jorge Wilstermann","Bolivia"
"Al-Qadisiyah FC","Saudi Arabia"
"Augnablik Kópavogur","Iceland"
"Asante Kotoko SC","Ghana"
"Nîmes Olympique","France"
"Associação Atlética Portuguesa Santista","Brazil"
"Associação Atlética Internacional (Limeira)","Brazil"
"FC Vilnius","Lithuania"
"Waasland-Beveren","Belgium"
"Blackburn Rovers F.C.","England"
"Vittjärvs IK","Sweden"
"Vanløse IF","Denmark"
"Associação Atlética Ponte Preta","Brazil"
"S.S. Scafatese Calcio 1922","Italy"
"Gaziantepspor","Turkey"
"Alanyaspor","Turkey"
"América Football Club (RJ)","America"
"CD Tenerife","Spain"
"Törekvés SE","Hungary"
"A.C. Siena","Italy"
"Central Coast Mariners FC","Australia"
"Sevilla FC","Spain"
"Halmstads BK","Sweden"
"US Boulogne","France"
"Bocskai FC","Hungary"
"FK BASK","Serbia"
"Lobos BUAP","Mexico"
"FC Luzern","Switzerland"
"ASV Hohenau","Austria"
"Clubul Atletic Oradea","Romania"
"Amiens SC","France"
"AS Nancy","France"
"K.S.V. Waregem","Belgium"
"Boca Juniors","Argentina"
"Quick Boys","Netherlands"
"Bali United F.C.","Indonesia"
"VfL Wolfsburg","Germany"
"İstanbul Başakşehir F.K.","Turkey"
"Kavala F.C.","Greece"
"SKN St. Pölten","Austria"
"FK Proleter Zrenjanin","Yugoslavia"
"F.C. Copenhagen","Denmark"
"CD Oro","Mexico"
"Leones Negros UdeG","Mexico"
"Club Atlético River Plate (Montevideo)","Uruguay"
"Julius Berger FC","Niger"
"FC Biel","Switzerland"
"U.S. Ancona 1905","Italy"
"Shimizu S-Pulse","Japan"
"New York Cosmos (2010)","America"
"Calcio Catania","Italy"
"Municipal Goicoechea","Costa Rica"
"CD Los Boliches","Spain"
"Defensor Sporting","Uruguay"
"Júbilo Iwata","Japan"
"Bayer 04 Leverkusen","Germany"
"Hellenic F.C.","South Africa"
"Home Farm F.C.","Ireland"
"AS Saint-Étienne","France"
"Rail Douala","Cameroon"
"FC Kryvbas Kryvyi Rih (1959-2013)","Ukraine"
"ŠK Slovan Bratislava","Slovakia"
"Tottenham Hotspur","England"
"Al-Ittihad (Jeddah)","Saudi Arabia"
"Buffalo Stalions","America"
"Perth SC","Australia"
"Red Star F.C.","France"
"FC Dynamo Kyiv","Ukraine"
"Sparta Rotterdam","Netherlands"
"Whitby Town F.C.","England"
"FK Voždovac","Serbia"
"Górnik Wałbrzych","Poland"
"RC Paris","France"
"Rodez AF","France"
"ACF Gloria Bistrița","Romania"
"FC Wacker Innsbruck","Austria"
"Talleres de Remedios de Escalada","Argentina"
"FC St. Pauli","Germany"
"SV Cuxhaven","Germany"
"Liverpool F.C.","England"
"Flash Flamingoes","Niger"
"Holstein Kiel","Germany"
"Legon Cities FC","Ghana"
"CFR Turnu Severin","Romania"
"CD Málaga","Spain"
"Calcio Lecco 1912","Italy"
"AS Trenčín","Slovakia"
"Asociación Deportiva Carmelita","Costa Rica"
"Legia Warsaw II","Poland"
"İstanbulspor A.Ş.","Turkey"
"1. FC Köln","Germany"
"Taksim SK","Turkey"
"Ascoli Calcio","Italy"
"ASM Oran","Algeria"
"Deportes Iquique","Chile"
"NK Borac Zagreb","Yugoslavia"
"FC Chornomorets Odesa","Ukraine"
"University of Pretoria F.C.","South Africa"
"Adana Demirspor","Turkey"
"Al Wehda FC","Saudi Arabia"
"Tupi Football Club","Brazil"
"Marymont Warszawa","Poland"
"Fort Lauderdale Strikers (1988-94)","America"
"AS Strasbourg","France"
"NK Borovo","Croatia"
"Go Ahead Eagles","Netherlands"
"Ascoli Calcio 1898 FC","Italy"
"FC Basel","Switzerland"
"Royal Charleroi S.C.","Belgium"
"AFC Bournemouth","England"
"C.D. Vasco","Venezuela"
"Castle Shannon SC","America"
"Ascoli Picchio F.C. 1898","Italy"
"Raftery","America"
"ASM Belfort","France"
"Dijon FCO","France"
"FC Sochaux-Montbéliard","France"
"Tonnerre Yaoundé","Cameroon"
"A.S. Bari","France"
"USM Bel Abbès","Algeria"
"Jura Sud Foot","France"
"Atlético Mineiro","Brazil"
"Bologna FC 1909","Italy"
"Pelita Jaya","Indonesia"
"Apollon Smyrnis F.C.","Greece"
"Seongnam FC","South Korea"
"Santiago Wanderers","Chile"
"San Diego Sockers (NASL)","America"
"Venezia F.C.","Italy"
"Olt Scorniceşti","Romania"
"Bergantiños B","Spain"
"Girona FC","Spain"
"Al-Gharafa Sports Club","Qatar"
"Kilikia F.C.","Armenia"
"Manchester United F.C.","England"
"RC Lens","France"
"FC Biel-Bienne","Switzerland"
"Gillingham F.C.","England"
"Club Atlético San Isidro","Argentina"
"Earlestown F.C.","England"
"Vatev Beloslav","Bulgaria"
"Polonia Warsaw","Poland"
"Vefa S.K.","Turkey"
"C.D. Atlético Yucatán","Mexico"
"AEL Kalloni F.C.","Greece"
"Toronto FC","Canada"
"Rot Weiss Ahlen II","Germany"
"Shrewsbury Town F.C.","England"
"Lokomotiv Moscow","Georgia"
"FC Avangard Kolomna","Russian Federation"
"L.D.U. Portoviejo","Ecuador"
"Club Deportivo Universidad César Vallejo","America"
"Kleinwiesendorf","Austria"
"C.D. Cuautla","Mexico"
"Spartak Hradec Králové","Czechia"
"Sportivo Iteño","Paraguay"
"Bradford City A.F.C.","England"
"FC Bunyodkor","Uzbekistan"
"Strojárne Martin","Yugoslavia"
"Reggina Calcio","France"
"S.S.C. Napoli","Italy"
"Malmö FF","Sweden"
"Servette FC","Switzerland"
"SK České Budějovice","Czechia"
"Montpellier Hérault Sport Club","France"
"Abha Club","Saudi Arabia"
"Bloemfontein Celtic F.C.","South Africa"
"New Bedford Whalers#New Bedford Whalers III","America"
"Aarhus Gymnastik Forening","Denmark"
"Bakersfield Brigade","America"
"Club Atlético Vélez Sarsfield","Argentina"
"ASPV Strasbourg","France"
"V-Varen Nagasaki","Japan"
"Pohang Steelers","South Korea"
"Troyes AC","France"
"FC Farul Constanța","Romania"
"Unión de Santa Fe","Argentina"
"Mito HollyHock","Japan"
"Gyeongju Korea Hydro & Nuclear Power FC","South Korea"
"Buffalo Stallions (indoor)","America"
"SK Nusle","Czechia"
"Bellmare Hiratsuka","Japan"
"Atlético Buenaventura","Colombia"
"AC Monza","Italy"
"Lierse SK","Belgium"
"Genoa CFC","Italy"
"Stade Brest 29","France"
"GAIS","Sweden"
"PFC Slavia Sofia","Bulgaria"
"SK Slovan HAC","Austria"
"Neuchâtel Xamax","Switzerland"
"U.S. Salernitana 1919","Italy"
"Bath City F.C.","England"
"Odense Boldklub","Denmark"
"IF Brommapojkarna","Sweden"
"Deportivo Irapuato","Mexico"
"Pas F.C.","Iran"
"Atlético de Madrid","Spain"
":fr:Union sportive marocaine de Casablanca","France"
"Chicago Fire U-23","America"
"Beitar Tel Aviv F.C.","Israel"
"Winsford United F.C.","England"
"Sport Boys","Peru"
"Santa Cruz Futebol Clube","Brazil"
"Iskra Moscow","Russian Federation"
"Montevideo Wanderers F.C.","Uruguay"
"Etoile Haïtienne","Haiti"
"SC Tavriya Simferopol","Ukraine"
"RFC Liège","Belgium"
"FCSB","Romania"
"FC Gütersloh 2000","Germany"
"Club Atlético San Lorenzo de Almagro","Argentina"
"TSV 1860 Munich","Germany"
"FShM Moscow","Russian Federation"
"F.C. Esperia Viareggio","Italy"
"Sporting Cristal","Peru"
"Saint-Nicolas FC","England"
"K. Sint-Truidense V.V.","Belgium"
"FC Arsenal Tula","Ukraine"
"Al Jazira Club","Netherlands"
"Al-Masry","Egypt"
"Urania Genève Sport","Switzerland"
"S.C. Marsala","Italy"
"Roda JC Kerkrade","Netherlands"
"Philadelphia Field Club","America"
"Generación Saprissa Tibas","Costa Rica"
"Policial de Durazno","Uruguay"
"SC Odesa","Ukraine"
"Spumante Cricova","Moldova"
"FC Schalke 04 II","Samoa"
"FK Sūduva","Lithuania"
"Baník Prievidza","Slovakia"
"Central Atletico Lito","Uruguay"
"Garforth Town A.F.C.","England"
"FC Tekstilshchik Kamyshin","Kazakhstan"
"Asociacion Deportiva Limonense","Costa Rica"
"Rot Weiss Ahlen","Germany"
"Club Atlético Huracán","Argentina"
"Germania Hamm","Germany"
"Geylang United FC","Singapore"
"Wiener AC","Austria"
"Club Atlético Belgrano","Argentina"
"KFC Uerdingen 05","Germany"
"Charlton Athletic F.C.","England"
"Panachaiki G.E.","Greece"
"GKS Bełchatów","Poland"
"Treviso FBC 1993","Italy"
"Matsumoto Yamaga","Japan"
"Stade Malherbe Caen","France"
"Indy Eleven","India"
"Athletic Bilbao","Spain"
"Prévoyance Yaoundé","Cameroon"
"Jomo Cosmos","South Africa"
"SC Zwiesel","Germany"
"Danubio FC","Uruguay"
"GNK Dinamo Zagreb","Croatia"
"SV Wilhelmshaven","Germany"
"SC Cambuur","Netherlands"
"SG Chemnitz-West","Germany"
"LDU Quito","America"
"Bagarmossen Kärrtorp BK","Sweden"
"F.C. Verbroedering Dender Eendracht Hekelgem","Belgium"
"Heart of Lions F.C.","Ghana"
"Seba United F.C.","Jamaica"
"CD Baio","Spain"
"C.S. Marítimo","Portugal"
"Ebolitana 1925","Italy"
"C.S. Uruguay de Coronado","Uruguay"
"Al-Ittihad Club (Jeddah)","Saudi Arabia"
"SV Austria Salzburg","Austria"
"Municipal Grecia","Costa Rica"
"Racing Santander","Spain"
"Cork Celtic F.C.","Ireland"
"A.F.C. Tubize","Belgium"
"Sporting de Gijón B","Spain"
"Como Calcio 1907","Italy"
"Chelmsford City F.C.","England"
"Tecos UAG","Mexico"
"Kjøbenhavns Boldklub","Denmark"
"Devizes Town F.C.","England"
"Szombathelyi Haladás","Hungary"
"R.W.D. Molenbeek","Belgium"
"CAM Timișoara","Romania"
"Busan IPark","South Korea"
"Olympique Lyonnais","France"
"Luton Town F.C.","England"
"FC Bagnols Pont","France"
"MetroStars","Jersey"
"FC Sportul Studențesc București","Romania"
"Deportes Quindío","Colombia"
"FC Krylya Sovetov Moscow","Russian Federation"
"Don Bosco FC","Haiti"
"Törökbálinti TC","Hungary"
"San Diego Nomads","America"
"Sharjah FC","United Arab Emirates"
"F.C. Latina","Italy"
"CSD Municipal","Guatemala"
"Samsunspor","Turkey"
"Louletano D.C.","Portugal"
"Halifax Town A.F.C.","England"
"Cardiff City F.C.","Wales"
"South Melbourne FC","Australia"
"Herfølge Boldklub","Denmark"
"FC Zirka Kropyvnytskyi","Ukraine"
"CA Excursionistas","Argentina"
"Khazar Lankaran FK","Azerbaijan"
"En Avant de Guingamp","France"
"Södertälje SK (football)","Sweden"
"Los Angeles FC","Jersey"
"Real Madrid C","Spain"
"LB Châteauroux","France"
"FK Velež Mostar","Bosnia and Herzegovina"
"C.D. Valle del Chota","Ecuador"
"Daewoo Royals","South Korea"
"A.S. Città di Anagni Calcio","Italy"
"Puebla F.C.","Mexico"
"Panelefsiniakos F.C.","Greece"
"Distillery F.C.","Ireland"
"Estudiantil Porteño","Argentina"
"Clube Atlético Mineiro","Brazil"
"Swansea City A.F.C.","Wales"
"Excelsior Roubaix","France"
"Celtic F.C.","Scotland"
"AmaZulu F.C.","South Africa"
"S. du Pays de Charleroi","Belgium"
"Chicago Fire Soccer Club","America"
"FK Radnički Beograd","Yugoslavia"
"C.D. Cobreloa","Chile"
"Stade Reims","France"
"ZSJ Technomat Teplice","Czechia"
"Dynamo Dresden","Germany"
"Wealdstone F.C.","England"
"Fluminense","Brazil"
"Türkspor Mannheim","Germany"
"FC Shakhtar Donetsk","Ukraine"
"Parramatta Power","Australia"
"Dundalk F.C.","Ireland"
"Stormvogels Telstar","Netherlands"
"Ettifaq FC","Saudi Arabia"
"Envigado F.C.","Colombia"
"Universitario de Deportes","Peru"
"Clermont Foot","France"
"Changchun Yatai F.C.","China"
"SD Huesca","Spain"
"Oriente Petrolero","Bolivia"
"VVV-Venlo","Netherlands"
"Sporting CP B","Portugal"
"Shanghai COSCO Sanlin","China"
"Rapid Wien","Austria"
"Kansas City Wizards","America"
"Trapani Calcio","Italy"
"R.F.C. Seraing (1904)","Belgium"
"Kigwancha Sports Club","North Korea"
"Dukla Pardubice","Czechia"
"Casertana F.C.","Italy"
"FC Sète","France"
"FC Karpaty Lviv","Ukraine"
"Amica Wronki","Poland"
"Aberdeen F.C.","Scotland"
"FC Nordsjælland","Denmark"
"HNK Gorica","Croatia"
"Resistencia S.C.","Paraguay"
"Club Naucalpan","Mexico"
"Westfalia Herne","Germany"
"Palermo FC","Italy"
"Excelsior Rotterdam","Netherlands"
"KFC Schoten SK","Belgium"
"Deportivo Anzoátegui","Venezuela"
"1. FC Hochstadt","Germany"
"CH Bratislava","Slovakia"
"Larissa FC","Greece"
"Breiðablik UBK","Iceland"
"OSC Lille","France"
"A.C. Arezzo","Italy"
"1. FSV Mainz 05 II","Germany"
"FC Zwolle","Netherlands"
"FK Poprad","Slovakia"
"U.D. Leiria","Portugal"
"Chesterfield F.C.","England"
"Sepahan S.C.","Iran"
"Colorado Rapids","Jersey"
"1. FC Lichtenfels (p/m)","Germany"
"Sporting Lokeren","Belgium"
"STV Horst Emscher","Germany"
"Esteghlal Khuzestan F.C.","Iran"
"Washington Diplomats","America"
"Türk Telekomspor","Turkey"
"FC Mendrisio-Stabio","Switzerland"
"FC Eindhoven","Netherlands"
"Ansells","England"
"RCD Espanyol B","Spain"
"Juventus FC","Italy"
"C.D. Tampico","Mexico"
"F.C. Porto","Portugal"
"A.C. Chievo Verona","Italy"
"Deportes La Serena","Chile"
"Brummell Sendai","Japan"
"Deportes Concepción (Chile)","Chile"
"FC St. Gallen","Switzerland"
"Casa Pia A.C.","Portugal"
"Foresta Sighet","Romania"
"Fall River F.C.","America"
"Inter Bratislava","Slovakia"
"Western Sydney Wanderers FC","Australia"
"Arema FC","Indonesia"
"AZ Alkmaar","Netherlands"
"NEC Nijmegen","Netherlands"
"F.C. Bari 1908","France"
"IFK Holmsund","Sweden"
"SK Smíchov","Czechia"
"Modena FC","Italy"
"FC Metz#Youth academy","France"
"Ittihad FC","Saudi Arabia"
"Atlas F.C.","Mexico"
"SPC Helfort Wien","Austria"
"FC Rapid București","Romania"
"Willem II (football club)","Netherlands"
"FC Metz","France"
"Stuttgarter Kickers","Germany"
"FC Dnipro-2 Dnipropetrovsk","Ukraine"
"Gwangju FC","South Korea"
"PFC Sevastopol","Ukraine"
"Coimbra Sports","Brazil"
"FC Utrecht","Netherlands"
"San Diego Sockers (2009)","America"
"Deportivo Juventud","Paraguay"
"Lyn Fotball","Norway"
"FC Hebros","Bulgaria"
"Hércules CF","Spain"
"Al Ahli Saudi FC","Saudi Arabia"
"American","America"
"Changchun Yatai","China"
"Al-Shabab FC (Riyadh)","Saudi Arabia"
"PAOK FC","Greece"
"Al-Rayyan Sports Club","Qatar"
"Perth Glory","Australia"
"ND Bilje","Slovenia"
"Columbus Crew","Jersey"
"Wollongong Wolves FC","Australia"
"ACF Fiorentina","Italy"
"U.S. Alessandria Calcio 1912","Italy"
"Shenzhen F.C.","China"
"Argentinos Juniors","Argentina"
"C.D. Veracruz","Mexico"
"Accra Hearts of Oak S.C.","Ghana"
"HNK Borovo","Croatia"
"Eclair de Douala","Cameroon"
"C.D. Irapuato","Mexico"
"OFI Crete","Greece"
"Club Sportivo San Lorenzo","Paraguay"
"FK Vojvodina","Yugoslavia"
"Montpellier","France"
"AC Cesena","Italy"
"Club Atlético River Plate (Asunción)","Paraguay"
"Reggiolo","Italy"
"Schwarz-Weiß Essen","Germany"
"Sociedade Esportiva e Recreativa Perdigão","Brazil"
"Real Valladolid Promesas","Spain"
"Tampa Bay Mutiny","Puerto Rico"
"Venados F.C.","Mexico"
"Al-Gharafa SC","Qatar"
"Club Deportivo Euzkadi","Mexico"
"Jong AZ","Netherlands"
"Club Atlético Platense (Uruguay)","Uruguay"
"CR Vasco da Gama","Brazil"
"FC Arabkir Yerevan","Armenia"
"Molde FK","Norway"
"Audax Italiano","Chile"
"Campinas FC","Brazil"
"Le Mans UC72","France"
"FC Progresul București","Romania"
"1. FC Union Berlin","Germany"
"Sligo Rovers F.C.","Ireland"
"Thonon Évian F.C.","France"
"Kabuscorp S.C.P.","Angola"
"Third Lanark A.C.","Scotland"
"Guizhou Zhicheng F.C.","China"
"Esporte Clube Juventude","Brazil"
"Philadelphia Union","Jersey"
"FC Lokomotiv 1929 Sofia","Bulgaria"
"Sportfreunde Katernberg","Germany"
"FC 08 Homburg","Germany"
"Miramar Misiones","Uruguay"
"CD Numancia","Spain"
"SC Oelde 1919","Germany"
"Léopard Douala","Cameroon"
"FC Augsburg","Germany"
"Preußen Münster","Germany"
"Club Atlético Independiente","Argentina"
"Yeni Malatyaspor","Turkey"
"FC Ripensia Timișoara","Romania"
"FC Sion","Switzerland"
"INF Vichy","France"
"US Triestina","Italy"
"Club de Fútbol Laguna","Mexico"
"FC Martigny-Sports","Switzerland"
"Chemnitzer FC II","Germany"
"Savski Marof","Croatia"
"AC ChievoVerona","Italy"
"R.S.C. Anderlecht","Belgium"
"Radnički Beograd","Yugoslavia"
"Bury F.C.","England"
"Chinezul Timişoara","Romania"
"Gold Coast City FC","Australia"
"Sporting Club de Barranquilla","Colombia"
"SK Sifhälla","Sweden"
"VfB Admira Wacker Mödling","Austria"
"Club Deportivo Arturo Fernández Vial","Chile"
"Lechia Gdańsk","Poland"
"F.C. Penafiel","Portugal"
"RBC Roosendaal","Netherlands"
"FC Cartagena","Spain"
"Sichuan Guancheng F.C.","China"
"A.D. San Carlos","Costa Rica"
"Al Ahli SC (Tripoli)","Libya"
"Associação Portuguesa de Desportos","Brazil"
"Dalian Shide","China"
"Espérance Tunis","Tunisia"
"Tianjin Teda F.C.","China"
"América de Cali","America"
"FC Spartak Ivano-Frankivsk","Ukraine"
"Yokohama FC","Japan"
"Al-Wahda FC (Abu Dhabi)","Netherlands"
"Spartak Žebrák","Czechia"
"Wiener Sport-Club","Austria"
"Miami United FC","Jersey"
"FCM Bacău","Romania"
"Cotonsport Garoua","Cameroon"
"FC Differdange 03","Luxembourg"
"Borneo F.C.","Indonesia"
"Kehler FV","Germany"
"Newark Skeeters","America"
"Carpi F.C. 1909","Italy"
"IK Oddevold","Sweden"
"En Avant Guingamp","France"
"Notts County F.C.","England"
"Nankatsu SC","Japan"
"LSV Markersdorf an der Pielach","Austria"
"Abrisajac","Spain"
"A.F.C. Euro Kickers","Panama"
"Újpesti Dózsa FC","Hungary"
"Soroksár SC","Hungary"
"Pogoń Szczecin","Poland"
"SK Olimpija","Yugoslavia"
"BSC Old Boys","Switzerland"
"Sporting Clube de Portugal","Portugal"
"Calpe FC","Gibraltar"
"K.A.S. Eupen","Belgium"
"A.C. Legnano","Italy"
"Quilmes Atlético Club","Argentina"
"CSA Steaua București (football)","Romania"
"Budapesti MÁVAG SK","Hungary"
"FK Budućnost Podgorica","Montenegro"
"Floridsdorfer AC","Austria"
"C.S.D. Independiente del Valle","Ecuador"
"Stoke City F.C.","England"
"Lokomotíva Košice","Slovakia"
"Alemannia Aachen","Germany"
"Parma FC","Italy"
"AS Béziers (football)","France"
"Independiente Medellín","Colombia"
"SK Slovan Wien","Austria"
"Al-Raed FC","Saudi Arabia"
"Canon Yaoundé","Cameroon"
"Southampton F.C.","England"
"Calcio Padova","Italy"
"Greenock Morton F.C.","Scotland"
"Acapulco","Mexico"
"NK Dravograd","Slovenia"
"FC Lorient","France"
"SK Jedinstvo Beograd","Serbia"
"FC Spartak Plovdiv","Bulgaria"
"Estudiantes de La Plata","Argentina"
"Porongos (:es:Centro Recreativo Porongos Fútbol Club","Uruguay"
"Club Deportivo El Nacional","Ecuador"
"Chiapas F.C.","Mexico"
"Bangu Atlético Clube","Brazil"
"CE Manresa","Spain"
"Degerfors IF","Sweden"
"Esporte Clube Novo Hamburgo","Brazil"
"FC Groningen","Netherlands"
"Club Always Ready","Bolivia"
"Parma F.C.","Italy"
"U.S. Città di Palermo","Italy"
"PSV Eindhoven","Netherlands"
"IFK Eskilstuna","Sweden"
"Esporte Clube XV de Novembro (Jaú)","Brazil"
"Putra Samarinda F.C.","Indonesia"
"CP Mérida","Spain"
"C.S. Cartaginés","Costa Rica"
"Cambridge United F.C.","England"
"Køge BK","Denmark"
"FC Vaslui","Romania"
"New York Field Club","America"
"ASK Kottingbrunn","Austria"
"FC Barcelona Atlètic","Spain"
"FBC Internaples","Italy"
"Sporting Kansas City","America"
"SK Jugoslavija","Yugoslavia"
"São Bento de Marília","Brazil"
"K.F.C. Germinal Beerschot","Belgium"
"Once Caldas","Colombia"
"SC Bastia","France"
"Saltillo Soccer","Mexico"
"West Ham United F.C.","England"
"Ascoli Calcio 1898","Italy"
"Persepolis F.C.","Iran"
"Étoile Filante de Lomé","Togo"
"UC Sampdoria","Italy"
"Peterborough United F.C.","England"
"Angers SCO","France"
"Durban City F.C.","South Africa"
"FC Nantes","France"
"SC Toulon","France"
"Halle","Germany"
"St Mirren F.C.","Scotland"
"New York Cosmos (1970-1985)","America"
"Shanghai SIPG F.C.","China"
"Újpest FC","Hungary"
"Calcio Como","Italy"
"Club Brugge KV","Belgium"
"S.C. Eendracht Aalst","Belgium"
"Sivasspor","Turkey"
"Tharros","Italy"
"Racing Club de Montevideo","Uruguay"
"SC Young Fellows Juventus","Switzerland"
"Atlético Madrid","Spain"
"Talleres de Córdoba","Argentina"
"Foolad F.C.","Iran"
"Defensa y Justicia","America"
"FC Kryvbas-2 Kryvyi Rih","Ukraine"
"RC Kouba","Algeria"
"ADO Den Haag","Netherlands"
"Lunds BK","Sweden"
"Partick Thistle F.C.","Scotland"
"Al Mokawloon Al Arab SC","Egypt"
"Fagiano Okayama","Japan"
"Cleveland Slavia","America"
"Club Necaxa","Mexico"
"Lech Poznań II","Poland"
"Helmond Sport","Netherlands"
"Santos Laguna","Mexico"
"FK Spartak Subotica","Yugoslavia"
"Wuppertaler SV","Germany"
"Rodongja Sports Club","North Korea"
"Free State Stars F.C.","South Africa"
"Vissel Kobe","Japan"
"Leeds United F.C.","England"
"Detroit Lightning","United States"
"FC Veszprém","Hungary"
"NK Zagreb","Croatia"
"FC Krasnodar","Belarus"
"Metalosport București","Romania"
"Botafogo Futebol Clube (SP)","Brazil"
"Udinese","Italy"
"Sona","India"
"Toros Neza","Mexico"
"Real Madrid","Spain"
"UE Lleida","Spain"
"Shabab Al Ahli Club","United Arab Emirates"
"FC Solothurn","Switzerland"
"Al Ahli SC (Doha)","Qatar"
"Real Sporting de Gijón","Spain"
"SfB-Oure FA","Denmark"
"NorthEast United","India"
"Al-Wahda (Mecca)","Saudi Arabia"
"Racing Club de Strasbourg Alsace","France"
"Jacksonville Tea Men","America"
"Shanghai Shenhua F.C.","China"
"Al Sadd SC","Qatar"
"FC Ingolstadt 04","Germany"
"Harrison S.C.","America"
"Stade Brestois 29","France"
"Novara Calcio","Italy"
"Whitecaps FC 2","Canada"
"FC Cincinnati","America"
"USL Dunkerque","France"
"Clube de Regatas do Flamengo","Brazil"
"Hellas Verona","Italy"
"Torino Calcio","Italy"
"Bursaspor","Turkey"
"Persepolis","Iran"
"A.C.R. Messina","Italy"
"Grêmio Esportivo Novorizontino","Brazil"
"Chicago Fire FC","America"
"Royal Antwerp FC","England"
"Norwich City F.C.","England"
"Gorleston F.C.","England"
"Reconvilier","Switzerland"
"Al-Rayyan SC","Qatar"
"Wildcats A.C.","America"
"SC Internacional","America"
"Syrio e Libanez","Brazil"
"Le Havre AC","France"
"Sportclub Enschede","Netherlands"
"Lille OSC","France"
"A.S. Roma","Italy"
"Queen's Park Rangers F.C.","England"
"Phoenix Rising FC","America"
"Al-Khor SC","Qatar"
"Aceh United F.C.","Indonesia"
"New York Cosmos (1971-85)","America"
"Joinville Esporte Clube","Brazil"
"União Paulista","Brazil"
"Steamfitters","America"
"Club Santos Laguna","Mexico"
"Club Social y Deportivo Colo-Colo","Chile"
"Dorados de Sinaloa","Mexico"
"Pisa SC","Italy"
"FC CFR Timișoara","Romania"
"ASEC Mimosas","France"
"S.C. Beira-Mar","Portugal"
"Carmen București{{ref","Romania"
"Atlético Rio Negro Clube","Brazil"
"Qatar SC","Qatar"
"Tennis Borussia Berlin","Germany"
"New York City FC","Jersey"
"Brookhattan","America"
"Spezia Calcio","Italy"
"AS Roma","Italy"
"Jasper United","Niger"
"1. FC Schweinfurt 05","Germany"
"Ravan Baku FK","Azerbaijan"
"Juventus F.C.","Italy"
"FC Rot-Weiß Erfurt","Germany"
"Miami Americans","America"
"Jabaquara Atlético Clube","Brazil"
"FC Tom Tomsk","Belarus"
"Adelaide Raiders SC","Australia"
"Al-Zawraa","Iraq"
"AC Mantova","Italy"
"African Wanderers","South Africa"
"SK Rakovník","Czechia"
"C.D. Nacional","Portugal"
"Memphis Americans","America"
"FK Čukarički","Serbia"
"Austria Salzburg","Austria"
"FC Salzburg","Austria"
"A.S. Varese 1910","Italy"
"Club 9 de Octubre","Ecuador"
"Toronto City","Canada"
"Crystal Palace F.C.","England"
"Club de Deportes La Serena","Chile"
"Olympique de Valence","France"
"Al-Rasheed","Iraq"
"K Beerschot VA","India"
"Unión de Curtidores","Mexico"
"FC Porrentruy","Switzerland"
"Vigevano Calcio","Italy"
"SG 01 Hoechst","Germany"
"Arminia Bielefeld","Germany"
"APOEL FC","Cyprus"
"Sunderland A.F.C.","England"
"Vasas SC","Hungary"
"C.D. ESPOLI","Ecuador"
"Baltimore Blast (1980-1992)","Jersey"
"Portadown F.C.","Ireland"
"Hudiksvalls ABK","Sweden"
"FK Kolubara","Serbia"
"K.A.A. Gent","Belgium"
"Puntarenas F.C.","Costa Rica"
"Rio Ave F.C.","Portugal"
"FC Shakhtar-2 Donetsk","Ukraine"
"SpVgg Greuther Fürth","Germany"
"Bayer 04 Leverkusen II","Germany"
"NK Marsonia","Croatia"
"Royal Crossing Club Molenbeek","Belgium"
"TSG 1899 Hoffenheim","Germany"
"K.V. Mechelen","Belgium"
"Uberlândia Esporte Clube","Brazil"
"SC Westtünnen","Germany"
"Esporte Clube Taubaté","Brazil"
"Santos de Guápiles","Costa Rica"
"Nasarawa United F.C.","Niger"
"F. C. Den Bosch","Netherlands"
"Dukla Tábor","Czechia"
"Grasshoppers Zürich","Switzerland"
"Vitoria SC","Portugal"
"São Cristóvão de Futebol e Regatas","Brazil"
"1. FC Košice","Slovakia"
"CA Osasuna B","Spain"
"CF Extremadura","Spain"
"Club Brugge K.V.","Belgium"
"SKA Rostov","Russian Federation"
"FC Dinamo Tbilisi","Georgia"
"Thionville FC","France"
"J&P Coats","America"
"CA Paris-Charenton","France"
"América de Quito","America"
"Sport Boys Warnes","Bolivia"
"Bnei Yehuda Tel Aviv F.C.","Israel"
"El Cóndor","Argentina"
"Canadian National Soccer League","Canada"
"Aurora Pro Patria 1919","Italy"
"Al Shabab FC (Riyadh)","Saudi Arabia"
"Uberaba Sport Club","Brazil"
"Jeju United FC","South Korea"
"Textil Mandiyú","Argentina"
"Esporte Clube Bahia","Brazil"
"Perugia Calcio","Peru"
"Sangju Sangmu FC","South Korea"
"FC Rouen","France"
"NorthEast United FC","India"
"Cádiz CF","Spain"
"Hapoel Ironi Rishon LeZion F.C.","Israel"
"CS Tiligul-Tiras Tiraspol","Moldova"
"Unión Magdalena","Colombia"
"CDUdeC","Chile"
"FC Admira Wacker Mödling","Austria"
"Feyenoord","Netherlands"
"Saba Qom F.C.","Iran"
"Cleveland Cobras","America"
"FC Agro-Goliador Chişinău","Moldova"
"Club de Regatas Vasco da Gama","Brazil"
"Pedrabranca Futebol Clube","Brazil"
"R.E. Virton","Belgium"
"C.D. Huachipato","Chile"
"Las Vegas Quicksilvers","America"
"Club Cerro Corá","Paraguay"
"Avispa Fukuoka","Japan"
"St. Louis Simpkins-Ford","England"
"Rangers de Talca","Chile"
"Alliance Dudelange","Luxembourg"
"1. FC Nürnberg","Germany"
"Csepel SC","Hungary"
"AIK Fotboll","Sweden"
"S.S.D. Parma Calcio 1913","Italy"
"HNK Trogir","Croatia"
"Colchester United F.C.","England"
"K.V.C. Westerlo","Belgium"
"Atlético Nacional","Colombia"
"Defensores de Belgrano","Argentina"
"Frosinone Calcio","France"
"AS Lodigiani","Italy"
"S.C. Braga B","Portugal"
"Bahman F.C.","Iran"
"Toulouse FC (1937)","France"
"Marília Atlético Clube","Brazil"
"Löwenbrau (amateurs)","Germany"
"Platense F.C.","Honduras"
"New England Revolution","England"
"Hertha BSC II","Germany"
"Kuwait SC","Kuwait"
"Boluspor","Turkey"
"Ruch Chorzów","Poland"
"Geylang United","Singapore"
"Kashima Antlers","Japan"
"Liga Deportiva Alajuelense","Costa Rica"
"Unión La Calera","Chile"
"Lausanne-Sports","Switzerland"
"FC Thun","Switzerland"
"Royal Antwerp F.C.","England"
"Deportivo Mandiyú","Argentina"
"S.L. Benfica B","Portugal"
"Al-Wakrah Sport Club","Qatar"
"Dinamo Zagreb","Croatia"
"FC Dynamo Saint Petersburg","Oman"
"Veria F.C.","Greece"
"K.V.S.K. United Overpelt-Lommel","Belgium"
"SC Freiburg","Germany"
"Crișana Oradea","Romania"
"Sepsi-78","Finland"
"FC Dinamo Minsk","Belarus"
"FC Grenchen","Switzerland"
"Chacarita Juniors","Argentina"
"Barcelona FC","Spain"
"VSE St. Pölten","Austria"
"Nacional Atlético Clube (SP)","Brazil"
"Beerschot AC","Belgium"
"FC Mulhouse","France"
"Manchester City F.C.","England"
"SR Donaufeld","Austria"
"Venados de Yucatán","Mexico"
"K.V. Kortrijk","Belgium"
"Shanghai Greenland Shenhua F.C.","China"
"Portsmouth F.C.","England"
"KE Appelterre-Eichem","Belgium"
"Besançon RC","France"
"FC Pune City","India"
"Admira Vienna","Austria"
"FC SKA Rostov-on-Don","Russian Federation"
"Antalyaspor","Turkey"
"FC Singen 04","Germany"
"Cúcuta Deportivo","Colombia"
"Elektromos FC","Hungary"
"Sport Tallinn","Estonia"
"Oita Trinita","Japan"
"Veria FC","Greece"
"FC Slovan Liberec","Slovakia"
"Shooting Stars F.C.","Niger"
"AEL Limassol","Cyprus"
"PFC Sochi","Oman"
"Milwaukee Rampage","America"
"Ferencvárosi TC","Hungary"
"Blauw-Wit Amsterdam","Netherlands"
"AS Bari","France"
"Skoda Xanthi F.C.","Greece"
"FC Zurich","Switzerland"
"Mansfield Town F.C.","England"
"UD Salamanca","Spain"
"Deportivo Quito","Ecuador"
"K. Beringen-Heusden-Zolder","Belgium"
"Borussia Dortmund","Germany"
"Grêmio Osasco Audax Esporte Clube","Brazil"
"Kansas City Comets (1979-91)","Brazil"
"FC Dnipro Cherkasy","Ukraine"
"Komárom AC","Hungary"
"Stade de Reims","France"
"FC Tokyo","Japan"
"Hokkaido Consadole Sapporo","Japan"
"CSKA Sofia","Bulgaria"
"Esteghlal FC","Iran"
"Raja CA","Morocco"
"Querétaro F.C.","Mexico"
"MTK Hungária FC","Hungary"
"SK Rapid Wien","Austria"
"Gårda BK","Sweden"
"Madureira Esporte Clube","Brazil"
"Hertha BSC","Germany"
"Slovan Liberec","Slovakia"
"AS Monaco FC II","Monaco"
"Sparta Považská Bystrica","Slovakia"
"SAS Épinal","France"
"Brøndby IF","Denmark"
"Barranquilla F.C.","Colombia"
"Budafoki LC","Hungary"
"Rot-Weiss Essen","Germany"
"Coritiba Foot Ball Club","Brazil"
"Italia Unidos","Italy"
"U.S. Lecce","Italy"
"Tiburones Rojos de Veracruz","Mexico"
"Al-Gharafa Doha","Qatar"
"Arsenal F.C.","England"
"C.D. El Nacional","Ecuador"
"FC Porto","Portugal"
"Inter Milan","Italy"
"Uthongathi F.C.","South Africa"
"Ringwood City","Australia"
"Grêmio","Brazil"
"Sagan Tosu","Japan"
"Walsall F.C.","England"
"Tasmania 1900 Berlin","Germany"
"12 de Octubre Football Club","Paraguay"
"JUTH F.C.","Niger"
"FC Ploiești","Romania"
"New Bedford Whalers#New Bedford Whalers II","America"
"OGC Nice","France"
"Club Olimpia","Paraguay"
"Tempête de Nanga-Eboko","Cameroon"
"Deportes Magallanes","Chile"
"Arka Gdynia","Poland"
"Club Atlético Peñarol","Uruguay"
"FC Hansa Rostock","Germany"
"Jeonbuk Hyundai Motors FC","South Korea"
"Sturm Graz","Austria"
"1. FC Köln II","Germany"
"SD Eibar","Spain"
"Eintracht Braunschweig","Germany"
"Wembley F.C.","England"
"VfB Gießen","Germany"
"Real Oviedo","Spain"
"Beerschot A.C.","Belgium"
"Sociedad Deportivo Quito","Ecuador"
"Dukla Prague","America"
"Watford F.C.","England"
"Norra Fågelås IF","Sweden"
"East Stirlingshire F.C.","Scotland"
"SK Pardubice","Slovakia"
"S.P. Tre Penne","San Marino"
"AS Cannes","France"
"Real C.D. España","Honduras"
"US Monastir (football)","Tunisia"
"Nagoya Grampus","Japan"
"Vicenza Calcio","Italy"
"Kaizer Chiefs F.C.","South Africa"
"SKAF Khemis Miliana","Algeria"
"FC Pyunik","Armenia"
"Al-Ahli (UAE)","United Arab Emirates"
"Grasshopper Club Zurich","Switzerland"
"Perth Glory FC","Australia"
"Málaga CF","Spain"
"Club Universidad de Chile","Chile"
"CD Badajoz","Spain"
"Christchurch United","New Zealand"
"New Brighton A.F.C.","England"
"BC Augsburg","Germany"
"Huracán Buceo","Uruguay"
"COD Meknès","Morocco"
"Colo-Colo","Chile"
"Leopoldauer SC","Austria"
"West Bromwich Albion F.C.","England"
"ND Slovan","Slovenia"
"Southern California Lazers","America"
"D.C. United","America"
"Oakleigh Cannons FC","Australia"
"Sporting Club Toulon","France"
"Wadi Degla SC","Egypt"
"RCF Paris","France"
"FSV Frankfurt II","Germany"
"West Adelaide SC","Australia"
"Erzsébeti Spartacus MTK LE","Hungary"
"Borussia Dortmund II","Germany"
"Osmanlıspor","Turkey"
"Olympiacos F.C.","Greece"
"Spartak BS Vlašim","Oman"
"Favoritner AC","Austria"
"FC Zbrojovka Brno","Oman"
"Cuautla FC","Mexico"
"Motorlet Prague","Slovakia"
"AS Saint-Etienne","France"
"UD Las Palmas","Spain"
"Boca Juniors de Cali","Colombia"
"C.D. Platense","Honduras"
"FC Tatabánya","Hungary"
"FC Tescoma Zlín","Czechia"
"Niki Volos F.C.","Greece"
"Delta Warsaw","Poland"
"KV Mechelen","Belgium"
"Jeonbuk Hyundai Motors","South Korea"
"Sakaryaspor","Turkey"
"FC Schalke 04","Germany"
"AC Perugia Calcio","Peru"
"Lech Poznań","Poland"
"Cercle Brugge K.S.V.","Belgium"
"Olympic Mvolyé","Cameroon"
"Hammarby Fotboll","Sweden"
"Christchurch Technical","New Zealand"
"Hertha Vienna","Austria"
"Estudiantes de Mérida F.C.","Venezuela"
"Admira Wacker","Austria"
"Issia Wazi","Oman"
"Club Esportiu Europa","Spain"
"Amora F.C.","Portugal"
"Southport F.C.","England"
"Kecskeméti TE","Hungary"
"Modena F.C.","Italy"
"Club Atlético Platense","Argentina"
"South Florida Sun","America"
"Club Universidad Nacional","Mexico"
"Montpellier HSC","France"
"Pyramids FC","Egypt"
"Centro Iqueño","Peru"
"Västra Frölunda IF","Sweden"
"Tromsø IL","Norway"
"FC St. Veit","Austria"
":fr:Union sportive de Lège-Cap-Ferret","France"
"FC Swarovski Tirol","Austria"
"Club Deportivo Marte","Mexico"
"Olympique Marseille","France"
"Centro Gallego","Spain"
"Fenerbahçe S.K. (football team)","Turkey"
"Huachipato","Chile"
"MC Alger","Algeria"
"C.D. Operário","Portugal"
"Chicago Fire S.C.","America"
"C.F. Monterrey","Mexico"
"FK Željezničar Sarajevo","Bosnia and Herzegovina"
"Brescia Calcio","Italy"
"Daejeon Korail FC","South Korea"
"Houston Dynamo","America"
"Bradford Park Avenue A.F.C.","England"
"Brisbane Roar FC","Australia"
"UNAM Pumas","Mexico"
"FC Smena Komsomolsk-na-Amure","Russian Federation"
"Deportivo de La Coruña","Spain"
"FC CSKA Kyiv","Ukraine"
"Aris Limassol FC","Cyprus"
"PSV Chemnitz","Germany"
"Telford United F.C.","England"
"Cape Town Spurs F.C.","South Africa"
"Tigres UANL","Mexico"
"Al Qadisiya Kuwait","Kuwait"
"ASC Jeanne d'Arc","Senegal"
"Alexandra United","England"
"K. Beerschot V.A.C.","Belgium"
"FC Ljubljana","Slovenia"
"SVS Linz","Austria"
"FC Den Bosch","Netherlands"
"FC Kärnten","Austria"
"Steel Azin F.C.","Iran"
"Getafe CF","Spain"
"Ranchers Bees","Niger"
"SV Sodingen","Germany"
"NAC Breda","Netherlands"
"1. FC Lokomotive Leipzig","Germany"
"Al-Qadsiah FC","Saudi Arabia"
"KAA Gent","Belgium"
"Tauro F.C.","Panama"
"Vancouver Whitecaps FC","Canada"
"Victoria Roman","America"
"Fort Lauderdale Strikers (2006-2016)","America"
"A.S.D. Junior Biellese Libertas","Italy"
"SK Kladno","Czechia"
"Oxford United F.C.","England"
"USM El Harrach","Algeria"
"UD Las Palmas Atlético","Spain"
"Sporting CP","Portugal"
"Stade Quimpérois","France"
"Olbia Calcio 1905","Italy"
"Reading F.C.","England"
"Ergotelis F.C.","Greece"
"Frankston Pines FC","Australia"
"NK Poštar Zagreb","Austria"
"CD Ciempozuelos","Spain"
"SC Heerenveen","Netherlands"
"F.C. Iranjavan Bushehr","Iran"
"FC Wien","Austria"
"Zuglói MADISZ","Hungary"
"Yokohama Flügels","Japan"
"Empoli F.C.","Italy"
"Macclesfield Town F.C.","England"
"S.S. Sambenedettese Calcio","Italy"
"K.V.V. Crossing Elewijt","Belgium"
"Millonarios F.C.","Colombia"
"Club Atlético San Miguel","Argentina"
"Newcastle KB United","Australia"
"Valur (men's football)","Iceland"
"Atlético Club Mineros de Guayana","Venezuela"
"J.League U-22 Selection","Japan"
"FK Smederevo","Serbia"
"O.G.C. Nice","France"
"Vancouver Whitecaps (NASL)","America"
"A.C. Fiorentina","Italy"
"Vålerenga Fotball","Norway"
"Club Mariscal Castilla","Peru"
"Rotherham United F.C.","England"
"Bolton Wanderers","England"
"Real Club España","Mexico"
"Gateway F.C.","Niger"
"Tottenham Hotspur F.C.","England"
"PFC CSKA Moscow","Oman"
"Racing FC Bafoussam","Cameroon"
"Chicago Spurs","America"
"FCV Dender EH","Belgium"
"Spezia Calcio 1906","Italy"
"FK Matador Púchov","Slovakia"
"BVSC Budapest","Hungary"
"S.L. Benfica","Portugal"
"Leicester City F.C.","England"
"FC Carl Zeiss Jena","Germany"
"Merthyr Tydfil F.C.","Wales"
"Wormatia Worms","Germany"
"Linfield F.C.","Ireland"
"SpVgg Erkenschwick","Germany"
"SBV Vitesse","Netherlands"
"FC Lugano","Switzerland"
"Calcio Montebelluna","Italy"
"PFC Haskovo","Bulgaria"
"Club River Plate (Asunción)","Paraguay"
"Nacional Montevideo","Uruguay"
"Offenburger FV","Germany"
"RSC Anderlecht","Belgium"
"C.F. Oaxtepec","Mexico"
"Volán FC","Hungary"
"Club Deportivo Palestino","Chile"
"A.D. Fafe","Portugal"
"FC KAMAZ Naberezhnye Chelny","Georgia"
"K. Patro Eisden Maasmechelen","Belgium"
"Vitória S.C.","Portugal"
"California Surf","America"
"Defensor Lima","Peru"
"Blacktown City FC","Australia"
"Åtvidabergs FF","Sweden"
"Fleisher Yarn","America"
"Racing Club de Avellaneda","Argentina"
"Panathinaikos FC","Greece"
"1. FC Posen","Germany"
"Atlético Bucaramanga","Colombia"
"FK Sarajevo","Yugoslavia"
"FC Chiasso","Italy"
"MTK Hungária{{efn-lr","Hungary"
"Fulgerul Chișinău","Romania"
"1. FC Kaiserslautern II","Germany"
"Genoa C.F.C.","Italy"
"NK Celje","Slovenia"
"Roda JC","Netherlands"
"Taj SC","Iran"
"Ceará Sporting Club","Brazil"
"CSA Steaua București","Romania"
"Baniyas SC","United Arab Emirates"
"San Francisco Bay Blackhawks","America"
"Ittihad FC (Jeddah)","Saudi Arabia"
"FC Vorskla-2 Poltava","Ukraine"
"Melbourne Victory FC","Australia"
"1. FC Karlovy Vary","Czechia"
"C.A Bella Vista","Uruguay"
"C.D. Ferroviarios de Chile","Chile"
"SR Delémont","Switzerland"
"AC Sparta Prague","Jersey"
"Inter Miami CF","Argentina"
"Spartak Brno ZJŠ","Oman"
"C.D. Universidad Católica del Ecuador","Ecuador"
"FC Saturn Ramenskoye","Ukraine"
"NK Olimpija Ljubljana (1945-2005)","Slovenia"
"ASC Diaraf","Senegal"
"FC Twente","Netherlands"
"C.A. Bella Vista","Uruguay"
"Standard Liège","Belgium"
"FC Interros Moscow","Russian Federation"
"MC El Eulma","Algeria"
"Kitchee SC","Hong Kong"
"Hutnik Warszawa","Poland"
"F.C. Barreirense","Portugal"
"Millwall F.C.","England"
"Municipal Pérez Zeledón","Costa Rica"
"CD Toledo","Spain"
"Sheffield Wednesday F.C.","England"
"Irapuato FC","Mexico"
"C.F. Estrela da Amadora","Portugal"
"HNK Šibenik","Croatia"
"CS La Forestoise","Belgium"
"Anorthosis Famagusta","Cyprus"
"Drukarz Warszawa","Poland"
"Apollon Limassol FC","Cyprus"
"Atalanta B.C.","Italy"
"Kidderminster Harriers F.C.","England"
"Fatih Karagümrük S.K.","Austria"
"Atlético Junior","Colombia"
"Newell's Old Boys","Argentina"
"A.S.D. Legnano Calcio 1913","Italy"
"Ajman Club","United Arab Emirates"
"FC Munaishy","Kazakhstan"
"Toulouse FC II","France"
"R. Charleroi S.C.","Belgium"
"USM Alger","Algeria"
"Club Cristóbal Colón de Juan Augusto Saldívar","Paraguay"
"Guarani FC","Brazil"
"JS Saint-Pierroise","France"
"Caracas Fútbol Club","Venezuela"
"Al-Ahli (Jeddah)","Saudi Arabia"
"Warta Poznań","Poland"
"Albany Capitals","America"
"Kashiwa Reysol","Japan"
"SK Slavia Prague","China"
"FC Metalist Kharkiv","Ukraine"
"Carpi FC 1909","Italy"
"Widzew Łódź","Poland"
"FC Hermagor","Austria"
"Ripensia Timișoara","Romania"
"AC Ajaccio","France"
"Råå IF","Sweden"
"Club Nacional (Paraguay)","Paraguay"
"Pau FC","France"
"Coventry City F.C.","England"
"Maccabi Netanya F.C.","Israel"
"Al-Hilal FC","Saudi Arabia"
"Djurgårdens IF Fotboll","Sweden"
"Orange County Blue Star","America"
"Galatasaray S.K. (football team)","Turkey"
"Ferencvárosi Torna Club","Hungary"
"Audax Club Sportivo Italiano","Chile"
"Eintracht Frankfurt II","Afghanistan"
"FC Midtjylland","Denmark"
"Calcaterra","United States"
"U.S. Pro Vercelli Calcio","Italy"
"Proodeftiki FC","Greece"
"Doncaster Rovers F.C.","England"
"Warrington Town F.C.","England"
"New York Red Bulls","Jersey"
"FC Anzhi Makhachkala","Azerbaijan"
"St Paul's Swifts","Northern Ireland"
"Orlando Pirates FC","South Africa"
"Real Unión","Spain"
"AO Kavala","Greece"
"FC Ural Yekaterinburg","Belarus"
"Kawkab Marrakech","Morocco"
"Hamilton Steelers (1958-67)","Canada"
"Sint-Truidense V.V.","Belgium"
"JSM Chéraga","Algeria"
"Hamburger SV","Germany"
"Al-Arabi SC (Qatar)","Qatar"
"St Johnstone F.C.","Scotland"
"FC Bulle","Switzerland"
"Stade Lavallois","France"
"Burnley F.C.","England"
"Stade Rennais F.C.","France"
"America Football Club (Rio de Janeiro)","America"
"Newcastle United F.C.","England"
"NK Dinamo Zagreb","Croatia"
"Detroit Express","America"
"Club Atlético Atlanta","Argentina"
"Cádiz CF B","Spain"
"Al Hilal SFC","Saudi Arabia"
"Real Madrid CF","Spain"
"Banatul Timișoara","Romania"
"IFK Stockholm","Sweden"
"Liberty Professionals F.C.","Ghana"
"Wolfenden Shore","America"
"Racing Club de France Colombes 92","France"
"Nacional Asunción","Paraguay"
"FK Dinamo Pančevo","Serbia"
"Internazionale Milano F.C.","Italy"
"AC Omonia","Cyprus"
"FC Kazanka Moscow","Russian Federation"
"Hereford United F.C.","England"
"RB Leipzig","Germany"
"SV Wacker Burghausen","Germany"
"Fortuna Sittard","Netherlands"
"Los Angeles Salsa","America"
"FAR Rabat","Morocco"
"K.S.K. Beveren","Belgium"
"Lyngby Boldklub","Denmark"
"NK Osijek","Croatia"
"FC Juventus București (1924)","Romania"
"KSK Beveren","Belgium"
"Skoda Xanthi","Greece"
"TJ Slovan Liberec","Slovakia"
"Jong Ajax","Netherlands"
"SV Werder Bremen II","Germany"
"Montevideo Wanderers","Uruguay"
"CR Flamengo","Brazil"
"FC Vorarlberg","Austria"
"BK Frem","Denmark"
"Örgryte IS","Sweden"
"Karlsruher SC","Germany"
"R.R.F.C. Montegnée","Belgium"
"Tankista Prague","Czechia"
"Tigre Douala","Cameroon"
"Universidad de Chile (football club)","Chile"
"CA Osasuna","Spain"
"Fernandópolis Futebol Clube","Brazil"
"Apollon Smyrni F.C.","Greece"
"SV Meppen","Germany"
"KV Oostende","Belgium"
"Vitória F.C.","Portugal"
"União Monte Alegre","Brazil"
"R. Antwerp F.C.","England"
"Tombolo Calcio","Italy"
"FK Teplice","Czechia"
"Wigan Athletic F.C.","England"
"FC Bayern Munich II","Austria"
"Panionios G.S.S.","Greece"
"L.D. Alajuelense","Costa Rica"
"Palestino","Chile"
"Lekhwiya","Qatar"
"SV Spittal/Drau","Austria"
"FC Caracal (2004)","Romania"
"Real Salt Lake","America"
"Germinal Ekeren","Belgium"
"FK Teleoptik","Serbia"
"CS Chênois","Switzerland"
"Grêmio Foot-Ball Porto Alegrense","Brazil"
"1. Rödelheimer FC 02","Germany"
"Stade Vallauris","France"
"1. FC Herzogenaurach","Germany"
"Renato Curi Angolana","Angola"
"Olympique Lyonnais Reserves and Academy","France"
"Romania Cluj","Romania"
"Philadelphia Hibernian","America"
"Gimcheon Sangmu FC","South Korea"
"Guiseley A.F.C.","England"
"Esteghlal F.C.","Iran"
"Real Murcia CF","Spain"
"İstanbulspor","Turkey"
"New Jersey Americans (soccer)","America"
"MTK Budapest FC","Hungary"
"FC Rubin Kazan","Georgia"
"SBV Excelsior","Netherlands"
"Club Atletic Oradea","Romania"
"Sportivo Carapeguá","Paraguay"
"Fort Lauderdale Strikers (1977-83)","America"
"Budapesti VSC","Hungary"
"Iperzola Ponteroncariale","Italy"
"Los Angeles Galaxy","United States"
"Betis Deportivo Balompié","Spain"
"Atlanta Chiefs","America"
"Palmeiras","Brazil"
"FC Dynamo-2 Kyiv","Ukraine"
"Dundee F.C.","Scotland"
"S.B.V. Excelsior","Netherlands"
"Hannover 96","Germany"
"Panetolikos F.C.","Greece"
"Guangzhou Evergrande F.C.","China"
"RC Celta de Vigo","Spain"
"Guangzhou Evergrande Taobao","China"
"Lupa Roma F.C.","Italy"
"G.D. Fabril","Portugal"
"PFC Lokomotiv Plovdiv","Bulgaria"
"Chinezul Timișoara","Romania"
"Plymouth Argyle F.C.","England"
"PFC Spartak 1918","Bulgaria"
"APIA Leichhardt Tigers FC","Australia"
"Toronto Blizzard (1971-84)","America"
"Ravenna FC","Italy"
"Wimbledon F.C.","England"
"Chicago Mustangs (1967-68)","America"
"Hammer SpVg","Germany"
"FC Chernomorets Novorossiysk","Ukraine"
"UNTL Kaduna","Nigeria"
"Ayr United F.C.","Scotland"
"Salernitana Calcio 1919","Italy"
"MSV Duisburg","Germany"
"Dundee United F.C.","Scotland"
"Guangzhou R&F F.C.","China"
"Real Sociedad","Spain"
"Lancaster City F.C.","England"
"U.S. Cremonese","Italy"
"IFK Hässleholm","Sweden"
"Toronto Blizzard (1986-1993)","America"
"P.A.O.K.","Greece"
"Liverpool F.C. (Montevideo)","Uruguay"
"Violet Kickers F.C.","Jamaica"
"SM Caen","France"
"Club de Deportes Santiago Wanderers","Chile"
"RC Roubaix","France"
"AFC Ajax","Netherlands"
"PAOK F.C.","Greece"
"Middlesbrough F.C.","England"
"A.S.D. Castel di Sangro Calcio","Italy"
"SD Indautxu","Spain"
"Seattle Sounders (1974-83)","America"
"St Denis St Leu","France"
"Emirates Club","United Arab Emirates"
"Hagalunds IS","Sweden"
"FC Barcelona B","Spain"
"Nacional Futebol Clube","Brazil"
"Torino F.C.","Italy"
"FC Porto B","Portugal"
"CD Castellón","Spain"
"Montreal Impact (2012-2020)","Canada"
"AS Corbeil-Essonnes (football)","France"
"California Sunshine (soccer)","America"
"Iberia La Habana","Cuba"
"FC Internazionale Milano","Italy"
"U.S. Triestina Calcio","Italy"
"A.C. Ancona","Italy"
"Preston North End F.C.","England"
"Le Mans FC","France"
"Al Nassr FC","Saudi Arabia"
"Poora F.C.","Iran"
"Tokyo Verdy","Japan"
"Racing Club de France Football","France"
"Pettirossi (Encarnación)","Paraguay"
"Tours FC","France"
"FC Okzhetpes","Kazakhstan"
"Dunedin City AFC","New Zealand"
"SpVgg Blau-Weiß 1890 Berlin","Germany"
"Deportivo Municipal (Peru)","Peru"
"Al-Duhail SC","Qatar"
"Borussia Mönchengladbach II","Germany"
"Atlético Petróleos de Luanda","Angola"
"Gangwon FC","South Korea"
"FC Aarau","Switzerland"
"Kaizer Chiefs","South Africa"
"Transporta Chrudim","Czechia"
"IFK Norrköping","Sweden"
"Kyoto Sanga FC","Japan"
"Danubio F.C.","Uruguay"
"CA Bizertin","Tunisia"
"Paris FC","France"
"Falkirk F.C.","Scotland"
"OFC Bdin Vidin","Bulgaria"
"Club Atlético Colegiales (Argentina)","Argentina"
"Atalanta BC","Italy"
"K. Boom F.C.","Belgium"
"Borussia Mönchengladbach","Germany"
"Club Guaraní","Paraguay"
"FK Austria Wien","Austria"
"VfL Benrath","Germany"
"FC Martigues","France"
"Lone FC","America"
"Deportivo Neza","Mexico"
"Ankara Demirspor","Turkey"
"Africa Sports National","Ivory Coast"
"Kuşadasıspor","Turkey"
"Qingdao Huanghai F.C.","China"
"Udinese Calcio","Italy"
"LA Galaxy","United States"
"FC Torpedo Kutaisi","Georgia"
"Independiente Santa Fe","Colombia"
"Al Dhafra","United Arab Emirates"
"Atlético Chalaco","Peru"
"RC Strasbourg","France"
"FC Nantes Atlantique","France"
"Sheffield United F.C.","England"
"US H Bou Hadjar","Algeria"
"Boavista F.C.","Portugal"
"CF Montréal","Canada"
"SG Ordnungspolizei Berlin","Germany"
"Pawtucket Rangers","America"
"Seiko SA","Hong Kong"
"Spartak Sofia","Bulgaria"
"K.R.C. Genk","Belgium"
"São Roque","Brazil"
"FC Rostov","Oman"
"Fenerbahçe S.K. (football)","Turkey"
"Maidstone United F.C. (1897)","England"
"Valenciennes FC","France"
"MAS Fez","Morocco"
"Stirling Albion F.C.","Scotland"
"Dunakeszi VSE","Hungary"
"Ajax Cape Town FC","South Africa"
"Campo Grande Atlético Clube","Brazil"
"A.D. Sagrada Familia","Costa Rica"
"FC Winterthur","Switzerland"
"Kayserispor","Turkey"
"Orlando City SC","America"
"CR Belouizdad","Algeria"
"Helsingborgs IF","Sweden"
"OFC Spartak Pleven","Bulgaria"
"Sportivo Belgrano","Argentina"
"Club Atlético Chalaco","Peru"
"Barcelona Sporting Club","Ecuador"
"Villarreal CF","Spain"
"Deportivo Vasco de Caracas","Venezuela"
"Vejle BK","Denmark"
"Cerro Porteño","Paraguay"
"AJ Auxerre","France"
"SK Plzeň","Czechia"
"San Lorenzo de Almagro","Argentina"
"Unión Española","Chile"
"Clube Atlético Bragantino","Brazil"
"V.C. Eendracht Aalst 2002","Belgium"
"Freiburger FC","Germany"
"Los Angeles Aztecs","America"
"De Graafschap","Netherlands"
"Rayo OKC","America"
"FK Pirmasens","Germany"
"Toulouse FC","France"
"C.D. Santa Clara","Portugal"
"Kőbányai TC","Hungary"
"S.S. Lazio","Italy"
"FC Oryol","Russian Federation"
"AC Reggiana 1919","Italy"
"CD Logroñés","Spain"
"AIK Bačka Topola","Serbia"
"Pyongyang Sports Club","North Korea"
"AS Aix","France"
"Rayo Vallecano","Spain"
"Hertha Berlin","Germany"
"Fort Lauderdale Strikers (1977-1983)","America"
"Sydney United 58 FC","Australia"
"Corvinul Hunedoara","Romania"
"Ionikos F.C.","Greece"
"AC Arles-Avignon","France"
"IK Sleipner","Sweden"
"Bristol City F.C.","England"
"DSV Leoben","Austria"
"SPAL","Italy"
"Coleraine F.C.","Ireland"
"Peñarol","Uruguay"
"CS Gaz Metan Mediaș","Romania"
"L.D.U. Quito","America"
"Club Sportivo Independiente Rivadavia","Argentina"
"Santos de Guápiles F.C.","Costa Rica"
"MKE Ankaragücü","Turkey"
"US Maubeuge","France"
"El-Kanemi Warriors","Niger"
"Worthing F.C.","England"
"ŁKS Łódź","Poland"
"Atlético Zacatepec","Mexico"
"Persija Jakarta","Indonesia"
"Brighton & Hove Albion F.C.","England"
"TSC Eintracht Dortmund","Germany"
"Tacuary","Paraguay"
"Royal Mouscron-Péruwelz","Peru"
"C.A. Peñarol","Uruguay"
"Pakhtakor FK (Tashkent)","Uzbekistan"
"Excelsior Mouscron","Belgium"
"Panathinaikos F.C.","Greece"
"ACB Lagos","Niger"
"Club Français","France"
"Rot-Weiß Oberhausen","Germany"
"Córdoba CF","Spain"
"OR Mascara","Algeria"
"Club Sport Uruguay de Coronado","Uruguay"
"Hapoel Kfar Saba F.C.","Israel"
"Paris Saint-Germain Academy","France"
"Ferro Carril","Argentina"
"Moranbong Sports Group","North Korea"
"IFK Göteborg","Sweden"
"C.D. Guadalajara","Mexico"
"CA Peñarol","Uruguay"
"Sporting Toulon Var","France"
"Royale Union Saint-Gilloise","Belgium"
"G.D. Estoril Praia","Portugal"
"Fortuna Düsseldorf","Germany"
"Nacional Fast Clube","Brazil"
"Tampa Bay Rowdies","America"
"FC Olt Scornicești","Romania"
"Guarany Futebol Clube","Brazil"
"Red Star Belgrade","Serbia"
"FC Liefering","Austria"
"Bayamón FC","Puerto Rico"
"Bologna F.C.","Italy"
"Independiente F.B.C.","Paraguay"
"A.C. Cesena","Italy"
"Jamshedpur FC","India"
"FC Spartak Trnava","Slovakia"
"Torino FC","Italy"
"Bilbao Athletic","Spain"
"Bulleen Lions","Australia"
"Lillestrøm SK","Norway"
"Avaí FC","Brazil"
"FC Vítkovice","Slovakia"
"FC Luch-Energiya Vladivostok","Belarus"
"FC Politehnica Timișoara","Romania"
"Standard de Liège","Belgium"
"FC Bayern Munich","Germany"
"Vancouver Whitecaps (1974-84)","America"
"RNK Split","Croatia"
"VfR Jettingen","Germany"
"BSK Beograd","Yugoslavia"
"A.C. Perugia Calcio","Peru"
"NK Rijeka","Croatia"
"Club José Gálvez","Peru"
"Providence Clamdiggers (soccer)","America"
"1. FSV Mainz 05","Germany"
"SE Palmeiras","Brazil"
"1. FC Magdeburg","Germany"
"CD Condal","Spain"
"FC Spartak Varna","Bulgaria"
"Athlitiki Enosi Larissa F.C.","Greece"
"Terrassa FC","Spain"
"MC Oran","Algeria"
"St. Louis Wildcats","America"
"Real Madrid Castilla","Spain"
"FC Seoul","South Korea"
"Porin Pallotoverit","Finland"
"Chicago Sting","America"
"BSV Schwenningen","Germany"
"Royal Eagles F.C.","South Africa"
"NK Hrvatski Dragovoljac","Croatia"
"Club Jalisco","Mexico"
"F.C. Hansa Rostock","Germany"
"Club Atlético San Telmo","Argentina"
"RCD Mallorca B","Spain"
"Gold Coast United FC","Australia"
"Celta Vigo","Spain"
"Paris Saint-Germain F.C.","France"
"S.C. Braga","Portugal"
"Stal Mielec","Poland"
"Deportivo Cali","Colombia"
"Székesfehérvári MÁV Előre SC","Hungary"
"Club Atlético Sarmiento (Junín)","Argentina"
"Kaposvári Rákóczi FC","Hungary"
"HŠK Građanski Zagreb","Yugoslavia"
"Torres Novas","Portugal"
"FC Dinamo București","Romania"
"Club Deportivo Los Millonarios","Colombia"
"Club Atlético Boca Juniors","Argentina"
"Barra Mansa Futebol Clube","Brazil"
"Ethnikos Piraeus F.C.","Greece"
"Shamrock Rovers F.C.","Ireland"
"Incheon United FC","South Korea"
"FC Kuban Krasnodar","Romania"
"Clyde F.C.","Scotland"
"Valencia CF","Spain"
"Rapid Vinohrady","Czechia"
"Dallas Tornado","America"
"Sportivo Trinidense","Paraguay"
"Shanghai Port F.C.","China"
"New York Nationals (ASL)","America"
"PFC Cherno More Varna","Bulgaria"
"América Futebol Clube (MG)","Brazil"
"Stade Tunisien","Tunisia"
"Club Atlético Tucumán","Argentina"
"CEUB","Brazil"
"Criciúma Esporte Clube","Brazil"
"ABC Braník","Czechia"
"Pelita Bandung Raya","Indonesia"
"TuS Neuendorf","Germany"
"CD Onda","Spain"
"Club Social y Deportivo Macará","Ecuador"
"FC Emmen","Netherlands"
"Stockport County F.C.","England"
"FC Infonet","Estonia"
"Galícia Esporte Clube","Brazil"
"Morgan F.C.","America"
"Washington Stars","America"
"Club Africain","Tunisia"
"Coquimbo Unido","Chile"
"Chemnitzer FC","Germany"
"AFC Wimbledon","England"
"Henan Construction F.C.","China"
"Vasco","Brazil"
"POFC Botev Vratsa","Bulgaria"
"Club Sport Emelec","Ecuador"
"Santos Futebol Clube","Brazil"
"Bendel Insurance","Niger"
"F.C. Motagua","America"
"Al-Ittihad Club (Tripoli)","Libya"
"PFC CSKA Sofia","Bulgaria"
"Austria Wien","Austria"
"Shandong Luneng","China"
"Dulwich Hamlet F.C.","England"
"Cerezo Osaka","Japan"
"Parma AC","Italy"
"FC Girondins de Bordeaux II","France"
"FC Fakel Voronezh","Belarus"
"Atlético Celaya","Mexico"
"Al-Jazira Club","Netherlands"
"Kickers Würzburg","Germany"
"CDR Quarteirense","Portugal"
"Urawa Red Diamonds","Japan"
"Al-Nassr FC","Saudi Arabia"
"Zawisza Bydgoszcz","Poland"
"Queen of the South F.C.","Scotland"
"Moreirense F.C.","Portugal"
"Reipas Lahti","Finland"
"ES Uzès Pont du Gard","France"
"Avaí Futebol Clube","Brazil"
"Centro Sportivo Alagoano","Brazil"
"Livingston F.C.","Scotland"
"BK Häcken","Scotland"
"FK Dukla Banská Bystrica","Slovakia"
"VfB Stuttgart","Germany"
"Olimpia Asunción","Paraguay"
"SC Verl","Germany"
"SV Türk Gücü München","Germany"
"Oghab F.C.","Iran"
"AS Varese 1910","Italy"
"F.C. Tirsense","Portugal"
"AC Lugano","Switzerland"
"Al-Arabi SC (Kuwait)","Kuwait"
"SG Wattenscheid 09","Germany"
"Club Atlético Rosario Central","Argentina"
"SPAL 1907","Italy"
"Tiro Federal","Argentina"
"Barakaldo CF","Spain"
"Club Libertad","Paraguay"
"CE L'Hospitalet","Spain"
"Étoile du Sahel","Tunisia"
"Hertha Zehlendorf","Germany"
"Club Atlético Vélez Sársfield","Argentina"
"Fulham F.C.","England"
"FC Astana-64","Kazakhstan"
"Esporte Clube Vitória","Brazil"